Series Name,Series Code,Country Name,Country Code,1990 [YR1990],2000 [YR2000],2011 [YR2011],2012 [YR2012],2013 [YR2013],2014 [YR2014],2015 [YR2015],2016 [YR2016],2017 [YR2017],2018 [YR2018],2019 [YR2019],2020 [YR2020]
Battle-related deaths (number of people),VC.BTL.DETH,Afghanistan,AFG,1478,5235,7403,7720,8056,12284,17273,17978,19014,25676,29940,..
Battle-related deaths (number of people),VC.BTL.DETH,Albania,ALB,..,..,..,..,..,..,..,..,..,..,..,..
Battle-related deaths (number of people),VC.BTL.DETH,Algeria,DZA,..,932,267,256,147,107,110,86,60,33,..,..
Battle-related deaths (number of people),VC.BTL.DETH,American Samoa,ASM,..,..,..,..,..,..,..,..,..,..,..,..
Battle-related deaths (number of people),VC.BTL.DETH,Andorra,AND,..,..,..,..,..,..,..,..,..,..,..,..
Battle-related deaths (number of people),VC.BTL.DETH,Angola,AGO,2558,943,..,..,..,..,..,25,25,..,25,..
Battle-related deaths (number of people),VC.BTL.DETH,Antigua and Barbuda,ATG,..,..,..,..,..,..,..,..,..,..,..,..
Battle-related deaths (number of people),VC.BTL.DETH,Argentina,ARG,..,..,..,..,..,..,..,..,..,..,..,..
Battle-related deaths (number of people),VC.BTL.DETH,Armenia,ARM,..,..,..,9,..,..,9,4,..,..,..,..
Battle-related deaths (number of people),VC.BTL.DETH,Aruba,ABW,..,..,..,..,..,..,..,..,..,..,..,..
Battle-related deaths (number of people),VC.BTL.DETH,Australia,AUS,..,..,..,..,..,..,..,..,..,1,..,..
Battle-related deaths (number of people),VC.BTL.DETH,Austria,AUT,..,..,..,..,..,..,..,..,..,..,..,..
Battle-related deaths (number of people),VC.BTL.DETH,Azerbaijan,AZE,..,..,..,16,..,46,63,137,36,..,..,..
Battle-related deaths (number of people),VC.BTL.DETH,"Bahamas, The",BHS,..,..,..,..,..,..,..,..,..,..,..,..
Battle-related deaths (number of people),VC.BTL.DETH,Bahrain,BHR,..,..,..,..,..,..,..,..,..,..,..,..
Battle-related deaths (number of people),VC.BTL.DETH,Bangladesh,BGD,45,..,..,..,..,..,..,41,47,..,..,..
Battle-related deaths (number of people),VC.BTL.DETH,Barbados,BRB,..,..,..,..,..,..,..,..,..,..,..,..
Battle-related deaths (number of people),VC.BTL.DETH,Belarus,BLR,..,..,..,..,..,..,..,..,..,..,..,..
Battle-related deaths (number of people),VC.BTL.DETH,Belgium,BEL,..,..,..,..,..,..,..,2,..,3,..,..
Battle-related deaths (number of people),VC.BTL.DETH,Belize,BLZ,..,..,..,..,..,..,..,..,..,..,..,..
Battle-related deaths (number of people),VC.BTL.DETH,Benin,BEN,..,..,..,..,..,..,..,..,..,..,..,..
Battle-related deaths (number of people),VC.BTL.DETH,Bermuda,BMU,..,..,..,..,..,..,..,..,..,..,..,..
Battle-related deaths (number of people),VC.BTL.DETH,Bhutan,BTN,..,..,..,..,..,..,..,..,..,..,..,..
Battle-related deaths (number of people),VC.BTL.DETH,Bolivia,BOL,..,..,..,..,..,..,..,..,..,..,..,..
Battle-related deaths (number of people),VC.BTL.DETH,Bosnia and Herzegovina,BIH,..,..,..,..,..,..,..,..,..,..,..,..
Battle-related deaths (number of people),VC.BTL.DETH,Botswana,BWA,..,..,..,..,..,..,..,..,..,..,..,..
Battle-related deaths (number of people),VC.BTL.DETH,Brazil,BRA,..,..,..,..,..,..,..,..,..,..,..,..
Battle-related deaths (number of people),VC.BTL.DETH,British Virgin Islands,VGB,..,..,..,..,..,..,..,..,..,..,..,..
Battle-related deaths (number of people),VC.BTL.DETH,Brunei Darussalam,BRN,..,..,..,..,..,..,..,..,..,..,..,..
Battle-related deaths (number of people),VC.BTL.DETH,Bulgaria,BGR,..,..,..,..,..,..,..,..,..,..,..,..
Battle-related deaths (number of people),VC.BTL.DETH,Burkina Faso,BFA,..,..,..,..,..,..,..,..,..,79,344,..
Battle-related deaths (number of people),VC.BTL.DETH,Burundi,BDI,..,1348,..,..,..,49,133,..,..,..,15,..
Battle-related deaths (number of people),VC.BTL.DETH,Cabo Verde,CPV,..,..,..,..,..,..,..,..,..,..,..,..
Battle-related deaths (number of people),VC.BTL.DETH,Cambodia,KHM,274,..,10,..,..,..,..,..,..,..,..,..
Battle-related deaths (number of people),VC.BTL.DETH,Cameroon,CMR,..,..,..,..,..,969,924,181,98,749,693,..
Battle-related deaths (number of people),VC.BTL.DETH,Canada,CAN,..,..,..,..,..,..,..,..,..,..,..,..
Battle-related deaths (number of people),VC.BTL.DETH,Cayman Islands,CYM,..,..,..,..,..,..,..,..,..,..,..,..
Battle-related deaths (number of people),VC.BTL.DETH,Central African Republic,CAF,..,..,48,45,415,17,..,..,..,47,48,..
Battle-related deaths (number of people),VC.BTL.DETH,Chad,TCD,652,989,..,..,..,..,275,..,57,150,184,..
Battle-related deaths (number of people),VC.BTL.DETH,Channel Islands,CHI,..,..,..,..,..,..,..,..,..,..,..,..
Battle-related deaths (number of people),VC.BTL.DETH,Chile,CHL,..,..,..,..,..,..,..,..,..,..,..,..
Battle-related deaths (number of people),VC.BTL.DETH,China,CHN,..,..,..,..,..,..,5,..,..,..,..,..
Battle-related deaths (number of people),VC.BTL.DETH,Colombia,COL,501,1023,202,211,140,119,134,30,..,142,122,..
Battle-related deaths (number of people),VC.BTL.DETH,Comoros,COM,..,..,..,..,..,..,..,..,..,..,..,..
Battle-related deaths (number of people),VC.BTL.DETH,"Congo, Dem. Rep.",COD,..,1473,283,773,1531,985,197,755,3630,819,735,..
Battle-related deaths (number of people),VC.BTL.DETH,"Congo, Rep.",COG,..,..,..,..,..,..,..,51,..,..,0,..
Battle-related deaths (number of people),VC.BTL.DETH,Costa Rica,CRI,..,..,..,..,..,..,..,..,..,..,..,..
Battle-related deaths (number of people),VC.BTL.DETH,Cote d'Ivoire,CIV,8,..,98,..,..,..,..,..,..,..,..,..
Battle-related deaths (number of people),VC.BTL.DETH,Croatia,HRV,..,..,..,..,..,..,..,..,..,..,..,..
Battle-related deaths (number of people),VC.BTL.DETH,Cuba,CUB,..,..,..,..,..,..,..,..,..,..,..,..
Battle-related deaths (number of people),VC.BTL.DETH,Curacao,CUW,..,..,..,..,..,..,..,..,..,..,..,..
Battle-related deaths (number of people),VC.BTL.DETH,Cyprus,CYP,..,..,..,..,..,..,..,..,..,..,..,..
Battle-related deaths (number of people),VC.BTL.DETH,Czech Republic,CZE,..,..,..,..,..,..,..,..,..,..,..,..
Battle-related deaths (number of people),VC.BTL.DETH,Denmark,DNK,..,..,..,..,..,..,..,..,..,..,..,..
Battle-related deaths (number of people),VC.BTL.DETH,Djibouti,DJI,60,..,..,..,..,..,..,..,..,..,..,..
Battle-related deaths (number of people),VC.BTL.DETH,Dominica,DMA,..,..,..,..,..,..,..,..,..,..,..,..
Battle-related deaths (number of people),VC.BTL.DETH,Dominican Republic,DOM,..,..,..,..,..,..,..,..,..,..,..,..
Battle-related deaths (number of people),VC.BTL.DETH,Ecuador,ECU,..,..,..,..,..,..,..,..,..,..,2,..
Battle-related deaths (number of people),VC.BTL.DETH,"Egypt, Arab Rep.",EGY,..,..,..,..,..,184,767,355,499,678,448,..
Battle-related deaths (number of people),VC.BTL.DETH,El Salvador,SLV,848,..,..,..,..,..,..,..,..,..,..,..
Battle-related deaths (number of people),VC.BTL.DETH,Equatorial Guinea,GNQ,..,..,..,..,..,..,..,..,..,..,..,..
Battle-related deaths (number of people),VC.BTL.DETH,Eritrea,ERI,..,1793,..,..,..,..,..,25,..,..,..,..
Battle-related deaths (number of people),VC.BTL.DETH,Estonia,EST,..,..,..,..,..,..,..,..,..,..,..,..
Battle-related deaths (number of people),VC.BTL.DETH,Eswatini,SWZ,..,..,..,..,..,..,..,..,..,..,..,..
Battle-related deaths (number of people),VC.BTL.DETH,Ethiopia,ETH,49698,48257,51,50,77,25,49,50,..,..,27,..
Battle-related deaths (number of people),VC.BTL.DETH,Faroe Islands,FRO,..,..,..,..,..,..,..,..,..,..,..,..
Battle-related deaths (number of people),VC.BTL.DETH,Fiji,FJI,..,..,..,..,..,..,..,..,..,..,..,..
Battle-related deaths (number of people),VC.BTL.DETH,Finland,FIN,..,..,..,..,..,..,..,..,..,..,..,..
Battle-related deaths (number of people),VC.BTL.DETH,France,FRA,..,..,..,..,..,..,3,..,2,4,..,..
Battle-related deaths (number of people),VC.BTL.DETH,French Polynesia,PYF,..,..,..,..,..,..,..,..,..,..,..,..
Battle-related deaths (number of people),VC.BTL.DETH,Gabon,GAB,..,..,..,..,..,..,..,..,..,..,..,..
Battle-related deaths (number of people),VC.BTL.DETH,"Gambia, The",GMB,..,..,..,..,..,..,..,..,..,..,..,..
Battle-related deaths (number of people),VC.BTL.DETH,Georgia,GEO,..,..,..,..,..,..,..,..,..,..,..,..
Battle-related deaths (number of people),VC.BTL.DETH,Germany,DEU,1,..,..,..,..,..,..,..,..,..,..,..
Battle-related deaths (number of people),VC.BTL.DETH,Ghana,GHA,..,..,..,..,..,..,..,..,..,..,..,..
Battle-related deaths (number of people),VC.BTL.DETH,Gibraltar,GIB,..,..,..,..,..,..,..,..,..,..,..,..
Battle-related deaths (number of people),VC.BTL.DETH,Greece,GRC,..,..,..,..,..,..,..,..,..,..,..,..
Battle-related deaths (number of people),VC.BTL.DETH,Greenland,GRL,..,..,..,..,..,..,..,..,..,..,..,..
Battle-related deaths (number of people),VC.BTL.DETH,Grenada,GRD,..,..,..,..,..,..,..,..,..,..,..,..
Battle-related deaths (number of people),VC.BTL.DETH,Guam,GUM,..,..,..,..,..,..,..,..,..,..,..,..
Battle-related deaths (number of people),VC.BTL.DETH,Guatemala,GTM,83,..,..,..,..,..,..,..,..,..,..,..
Battle-related deaths (number of people),VC.BTL.DETH,Guinea,GIN,..,217,..,..,..,..,..,..,..,..,..,..
Battle-related deaths (number of people),VC.BTL.DETH,Guinea-Bissau,GNB,..,0,..,..,..,..,..,..,..,..,..,..
Battle-related deaths (number of people),VC.BTL.DETH,Guyana,GUY,..,..,..,..,..,..,..,..,..,..,..,..
Battle-related deaths (number of people),VC.BTL.DETH,Haiti,HTI,..,..,..,..,..,..,..,..,..,..,..,..
Battle-related deaths (number of people),VC.BTL.DETH,Honduras,HND,..,..,..,..,..,..,..,..,..,..,..,..
Battle-related deaths (number of people),VC.BTL.DETH,"Hong Kong SAR, China",HKG,..,..,..,..,..,..,..,..,..,..,..,..
Battle-related deaths (number of people),VC.BTL.DETH,Hungary,HUN,..,..,..,..,..,..,..,..,..,..,..,..
Battle-related deaths (number of people),VC.BTL.DETH,Iceland,ISL,..,..,..,..,..,..,..,..,..,..,..,..
Battle-related deaths (number of people),VC.BTL.DETH,India,IND,2324,2814,433,409,384,464,495,656,660,819,587,..
Battle-related deaths (number of people),VC.BTL.DETH,Indonesia,IDN,72,286,..,..,..,..,..,..,..,25,..,..
Battle-related deaths (number of people),VC.BTL.DETH,"Iran, Islamic Rep.",IRN,31,40,205,..,..,..,..,22,27,60,29,..
Battle-related deaths (number of people),VC.BTL.DETH,Iraq,IRQ,94,53,1072,638,1882,12223,10138,9622,10211,1252,752,..
Battle-related deaths (number of people),VC.BTL.DETH,Ireland,IRL,..,..,..,..,..,..,..,..,..,..,..,..
Battle-related deaths (number of people),VC.BTL.DETH,Isle of Man,IMN,..,..,..,..,..,..,..,..,..,..,..,..
Battle-related deaths (number of people),VC.BTL.DETH,Israel,ISR,18,77,56,64,..,1675,..,..,..,58,48,..
Battle-related deaths (number of people),VC.BTL.DETH,Italy,ITA,..,..,..,..,..,..,..,..,..,..,..,..
Battle-related deaths (number of people),VC.BTL.DETH,Jamaica,JAM,..,..,..,..,..,..,..,..,..,..,..,..
Battle-related deaths (number of people),VC.BTL.DETH,Japan,JPN,..,..,..,..,..,..,..,..,..,..,..,..
Battle-related deaths (number of people),VC.BTL.DETH,Jordan,JOR,..,..,..,..,..,..,1,34,..,..,..,..
Battle-related deaths (number of people),VC.BTL.DETH,Kazakhstan,KAZ,..,..,..,..,..,..,..,..,..,..,..,..
Battle-related deaths (number of people),VC.BTL.DETH,Kenya,KEN,..,..,2,29,29,42,48,49,85,69,61,..
Battle-related deaths (number of people),VC.BTL.DETH,Kiribati,KIR,..,..,..,..,..,..,..,..,..,..,..,..
Battle-related deaths (number of people),VC.BTL.DETH,"Korea, Dem. People’s Rep.",PRK,..,..,..,..,..,..,..,..,..,..,..,..
Battle-related deaths (number of people),VC.BTL.DETH,"Korea, Rep.",KOR,..,..,..,..,..,..,..,..,..,..,..,..
Battle-related deaths (number of people),VC.BTL.DETH,Kosovo,XKX,..,..,..,..,..,..,..,..,..,..,..,..
Battle-related deaths (number of people),VC.BTL.DETH,Kuwait,KWT,1058,..,..,..,..,..,..,..,..,..,..,..
Battle-related deaths (number of people),VC.BTL.DETH,Kyrgyz Republic,KGZ,..,174,..,..,..,..,..,..,..,..,..,..
Battle-related deaths (number of people),VC.BTL.DETH,Lao PDR,LAO,249,..,..,..,..,..,..,..,..,..,..,..
Battle-related deaths (number of people),VC.BTL.DETH,Latvia,LVA,..,..,..,..,..,..,..,..,..,..,..,..
Battle-related deaths (number of people),VC.BTL.DETH,Lebanon,LBN,753,..,..,..,2,136,76,..,74,..,..,..
Battle-related deaths (number of people),VC.BTL.DETH,Lesotho,LSO,..,..,..,..,..,..,..,..,..,..,..,..
Battle-related deaths (number of people),VC.BTL.DETH,Liberia,LBR,339,57,..,..,..,..,..,..,..,..,..,..
Battle-related deaths (number of people),VC.BTL.DETH,Libya,LBY,..,..,3762,..,31,274,275,1727,404,44,1695,..
Battle-related deaths (number of people),VC.BTL.DETH,Liechtenstein,LIE,..,..,..,..,..,..,..,..,..,..,..,..
Battle-related deaths (number of people),VC.BTL.DETH,Lithuania,LTU,..,..,..,..,..,..,..,..,..,..,..,..
Battle-related deaths (number of people),VC.BTL.DETH,Luxembourg,LUX,..,..,..,..,..,..,..,..,..,..,..,..
Battle-related deaths (number of people),VC.BTL.DETH,"Macao SAR, China",MAC,..,..,..,..,..,..,..,..,..,..,..,..
Battle-related deaths (number of people),VC.BTL.DETH,Madagascar,MDG,..,..,..,..,..,..,..,..,..,..,..,..
Battle-related deaths (number of people),VC.BTL.DETH,Malawi,MWI,..,..,..,..,..,..,..,..,..,..,..,..
Battle-related deaths (number of people),VC.BTL.DETH,Malaysia,MYS,..,..,..,..,70,..,..,..,1,..,..,..
Battle-related deaths (number of people),VC.BTL.DETH,Maldives,MDV,..,..,..,..,..,..,..,..,..,..,..,..
Battle-related deaths (number of people),VC.BTL.DETH,Mali,MLI,457,..,18,218,805,189,172,96,359,522,603,..
Battle-related deaths (number of people),VC.BTL.DETH,Malta,MLT,..,..,..,..,..,..,..,..,..,..,..,..
Battle-related deaths (number of people),VC.BTL.DETH,Marshall Islands,MHL,..,..,..,..,..,..,..,..,..,..,..,..
Battle-related deaths (number of people),VC.BTL.DETH,Mauritania,MRT,..,..,8,..,..,..,..,..,..,..,..,..
Battle-related deaths (number of people),VC.BTL.DETH,Mauritius,MUS,..,..,..,..,..,..,..,..,..,..,..,..
Battle-related deaths (number of people),VC.BTL.DETH,Mexico,MEX,..,..,..,..,..,..,..,..,..,..,..,..
Battle-related deaths (number of people),VC.BTL.DETH,"Micronesia, Fed. Sts.",FSM,..,..,..,..,..,..,..,..,..,..,..,..
Battle-related deaths (number of people),VC.BTL.DETH,Moldova,MDA,..,..,..,..,..,..,..,..,..,..,..,..
Battle-related deaths (number of people),VC.BTL.DETH,Monaco,MCO,..,..,..,..,..,..,..,..,..,..,..,..
Battle-related deaths (number of people),VC.BTL.DETH,Mongolia,MNG,..,..,..,..,..,..,..,..,..,..,..,..
Battle-related deaths (number of people),VC.BTL.DETH,Montenegro,MNE,..,..,..,..,..,..,..,..,..,..,..,..
Battle-related deaths (number of people),VC.BTL.DETH,Morocco,MAR,..,..,..,..,..,..,..,..,..,..,..,..
Battle-related deaths (number of people),VC.BTL.DETH,Mozambique,MOZ,1577,..,..,..,42,30,..,55,..,53,278,..
Battle-related deaths (number of people),VC.BTL.DETH,Myanmar,MMR,536,215,713,702,278,187,629,118,517,99,558,..
Battle-related deaths (number of people),VC.BTL.DETH,Namibia,NAM,..,57,..,..,..,..,..,..,..,..,..,..
Battle-related deaths (number of people),VC.BTL.DETH,Nauru,NRU,..,..,..,..,..,..,..,..,..,..,..,..
Battle-related deaths (number of people),VC.BTL.DETH,Nepal,NPL,..,268,..,..,..,..,..,..,..,..,..,..
Battle-related deaths (number of people),VC.BTL.DETH,Netherlands,NLD,2,..,..,..,..,..,..,..,..,..,..,..
Battle-related deaths (number of people),VC.BTL.DETH,New Caledonia,NCL,..,..,..,..,..,..,..,..,..,..,..,..
Battle-related deaths (number of people),VC.BTL.DETH,New Zealand,NZL,..,..,..,..,..,..,..,..,..,..,..,..
Battle-related deaths (number of people),VC.BTL.DETH,Nicaragua,NIC,39,..,..,..,..,..,..,..,..,..,..,..
Battle-related deaths (number of people),VC.BTL.DETH,Niger,NER,..,..,..,..,31,..,368,274,229,74,298,..
Battle-related deaths (number of people),VC.BTL.DETH,Nigeria,NGA,..,..,324,811,1629,3811,4493,2488,1879,1173,1327,..
Battle-related deaths (number of people),VC.BTL.DETH,North Macedonia,MKD,..,..,..,..,..,..,..,..,..,..,..,..
Battle-related deaths (number of people),VC.BTL.DETH,Northern Mariana Islands,MNP,..,..,..,..,..,..,..,..,..,..,..,..
Battle-related deaths (number of people),VC.BTL.DETH,Norway,NOR,..,..,..,..,..,..,..,..,..,..,..,..
Battle-related deaths (number of people),VC.BTL.DETH,Oman,OMN,..,..,..,..,..,..,..,..,..,..,..,..
Battle-related deaths (number of people),VC.BTL.DETH,Pakistan,PAK,72,1,2863,3018,1802,3136,2095,740,666,209,231,..
Battle-related deaths (number of people),VC.BTL.DETH,Palau,PLW,..,..,..,..,..,..,..,..,..,..,..,..
Battle-related deaths (number of people),VC.BTL.DETH,Panama,PAN,..,..,..,..,..,..,..,..,..,..,..,..
Battle-related deaths (number of people),VC.BTL.DETH,Papua New Guinea,PNG,55,..,..,..,..,..,..,..,..,..,..,..
Battle-related deaths (number of people),VC.BTL.DETH,Paraguay,PRY,..,..,..,..,..,..,..,..,..,..,..,..
Battle-related deaths (number of people),VC.BTL.DETH,Peru,PER,1099,..,..,..,..,..,..,..,..,..,..,..
Battle-related deaths (number of people),VC.BTL.DETH,Philippines,PHL,1306,1567,350,295,514,470,572,550,1620,420,309,..
Battle-related deaths (number of people),VC.BTL.DETH,Poland,POL,..,..,..,..,..,..,..,..,..,..,..,..
Battle-related deaths (number of people),VC.BTL.DETH,Portugal,PRT,..,..,..,..,..,..,..,..,..,..,..,..
Battle-related deaths (number of people),VC.BTL.DETH,Puerto Rico,PRI,..,..,..,..,..,..,..,..,..,..,..,..
Battle-related deaths (number of people),VC.BTL.DETH,Qatar,QAT,..,..,..,..,..,..,..,..,..,..,..,..
Battle-related deaths (number of people),VC.BTL.DETH,Romania,ROU,..,..,..,..,..,..,..,..,..,..,..,..
Battle-related deaths (number of people),VC.BTL.DETH,Russian Federation,RUS,192,2907,356,516,321,174,84,69,53,29,26,..
Battle-related deaths (number of people),VC.BTL.DETH,Rwanda,RWA,1126,..,..,13,1,..,..,..,..,9,19,..
Battle-related deaths (number of people),VC.BTL.DETH,Samoa,WSM,..,..,..,..,..,..,..,..,..,..,..,..
Battle-related deaths (number of people),VC.BTL.DETH,San Marino,SMR,..,..,..,..,..,..,..,..,..,..,..,..
Battle-related deaths (number of people),VC.BTL.DETH,Sao Tome and Principe,STP,..,..,..,..,..,..,..,..,..,..,..,..
Battle-related deaths (number of people),VC.BTL.DETH,Saudi Arabia,SAU,..,..,..,..,..,..,78,120,4,11,2,..
Battle-related deaths (number of people),VC.BTL.DETH,Senegal,SEN,58,47,25,..,..,..,..,..,..,..,..,..
Battle-related deaths (number of people),VC.BTL.DETH,Serbia,SRB,..,..,..,..,..,..,..,..,..,..,..,..
Battle-related deaths (number of people),VC.BTL.DETH,Seychelles,SYC,..,..,..,..,..,..,..,..,..,..,..,..
Battle-related deaths (number of people),VC.BTL.DETH,Sierra Leone,SLE,..,382,..,..,..,..,..,..,..,..,..,..
Battle-related deaths (number of people),VC.BTL.DETH,Singapore,SGP,..,..,..,..,..,..,..,..,..,..,..,..
Battle-related deaths (number of people),VC.BTL.DETH,Sint Maarten (Dutch part),SXM,..,..,..,..,..,..,..,..,..,..,..,..
Battle-related deaths (number of people),VC.BTL.DETH,Slovak Republic,SVK,..,..,..,..,..,..,..,..,..,..,..,..
Battle-related deaths (number of people),VC.BTL.DETH,Slovenia,SVN,..,..,..,..,..,..,..,..,..,..,..,..
Battle-related deaths (number of people),VC.BTL.DETH,Solomon Islands,SLB,..,..,..,..,..,..,..,..,..,..,..,..
Battle-related deaths (number of people),VC.BTL.DETH,Somalia,SOM,2650,..,1937,2624,913,1111,1197,1925,1918,2208,1945,..
Battle-related deaths (number of people),VC.BTL.DETH,South Africa,ZAF,..,..,..,..,..,..,..,..,..,..,..,..
Battle-related deaths (number of people),VC.BTL.DETH,South Sudan,SSD,..,..,220,266,926,1674,493,735,484,527,110,..
Battle-related deaths (number of people),VC.BTL.DETH,Spain,ESP,..,..,..,..,..,..,..,..,..,..,..,..
Battle-related deaths (number of people),VC.BTL.DETH,Sri Lanka,LKA,3622,2525,..,..,..,..,..,..,..,..,..,..
Battle-related deaths (number of people),VC.BTL.DETH,St. Kitts and Nevis,KNA,..,..,..,..,..,..,..,..,..,..,..,..
Battle-related deaths (number of people),VC.BTL.DETH,St. Lucia,LCA,..,..,..,..,..,..,..,..,..,..,..,..
Battle-related deaths (number of people),VC.BTL.DETH,St. Martin (French part),MAF,..,..,..,..,..,..,..,..,..,..,..,..
Battle-related deaths (number of people),VC.BTL.DETH,St. Vincent and the Grenadines,VCT,..,..,..,..,..,..,..,..,..,..,..,..
Battle-related deaths (number of people),VC.BTL.DETH,Sudan,SDN,5030,2841,1404,1411,593,849,1264,1309,160,243,..,..
Battle-related deaths (number of people),VC.BTL.DETH,Suriname,SUR,..,..,..,..,..,..,..,..,..,..,..,..
Battle-related deaths (number of people),VC.BTL.DETH,Sweden,SWE,..,..,..,..,..,..,..,..,..,..,..,..
Battle-related deaths (number of people),VC.BTL.DETH,Switzerland,CHE,..,..,..,..,..,..,..,..,..,..,..,..
Battle-related deaths (number of people),VC.BTL.DETH,Syrian Arab Republic,SYR,..,..,1142,44648,62998,64197,47559,40863,21230,11961,7419,..
Battle-related deaths (number of people),VC.BTL.DETH,Tajikistan,TJK,..,46,28,..,..,..,..,..,..,..,..,..
Battle-related deaths (number of people),VC.BTL.DETH,Tanzania,TZA,..,..,..,..,..,..,..,..,..,..,..,..
Battle-related deaths (number of people),VC.BTL.DETH,Thailand,THA,19,8,162,131,189,68,57,50,43,36,55,..
Battle-related deaths (number of people),VC.BTL.DETH,Timor-Leste,TLS,..,..,..,..,..,..,..,..,..,..,..,..
Battle-related deaths (number of people),VC.BTL.DETH,Togo,TGO,..,..,..,..,..,..,..,..,..,..,..,..
Battle-related deaths (number of people),VC.BTL.DETH,Tonga,TON,..,..,..,..,..,..,..,..,..,..,..,..
Battle-related deaths (number of people),VC.BTL.DETH,Trinidad and Tobago,TTO,39,..,..,..,..,..,..,..,..,..,..,..
Battle-related deaths (number of people),VC.BTL.DETH,Tunisia,TUN,..,..,..,..,..,..,..,72,..,..,..,..
Battle-related deaths (number of people),VC.BTL.DETH,Turkey,TUR,245,121,421,743,19,..,902,1378,398,439,265,..
Battle-related deaths (number of people),VC.BTL.DETH,Turkmenistan,TKM,..,..,..,..,..,..,..,..,..,..,..,..
Battle-related deaths (number of people),VC.BTL.DETH,Turks and Caicos Islands,TCA,..,..,..,..,..,..,..,..,..,..,..,..
Battle-related deaths (number of people),VC.BTL.DETH,Tuvalu,TUV,..,..,..,..,..,..,..,..,..,..,..,..
Battle-related deaths (number of people),VC.BTL.DETH,Uganda,UGA,626,364,..,..,..,..,..,..,0,..,..,..
Battle-related deaths (number of people),VC.BTL.DETH,Ukraine,UKR,..,..,..,..,..,4378,1314,252,409,243,234,..
Battle-related deaths (number of people),VC.BTL.DETH,United Arab Emirates,ARE,..,..,..,..,..,..,..,..,..,..,..,..
Battle-related deaths (number of people),VC.BTL.DETH,United Kingdom,GBR,41,..,..,..,..,..,..,..,..,..,1,..
Battle-related deaths (number of people),VC.BTL.DETH,United States,USA,..,..,..,..,..,..,..,..,..,..,..,..
Battle-related deaths (number of people),VC.BTL.DETH,Uruguay,URY,..,..,..,..,..,..,..,..,..,..,..,..
Battle-related deaths (number of people),VC.BTL.DETH,Uzbekistan,UZB,..,297,..,..,..,..,..,..,..,..,..,..
Battle-related deaths (number of people),VC.BTL.DETH,Vanuatu,VUT,..,..,..,..,..,..,..,..,..,..,..,..
Battle-related deaths (number of people),VC.BTL.DETH,"Venezuela, RB",VEN,..,..,..,..,..,..,..,..,..,..,..,..
Battle-related deaths (number of people),VC.BTL.DETH,Vietnam,VNM,..,..,..,..,..,..,..,..,..,..,..,..
Battle-related deaths (number of people),VC.BTL.DETH,Virgin Islands (U.S.),VIR,..,..,..,..,..,..,..,..,..,..,..,..
Battle-related deaths (number of people),VC.BTL.DETH,West Bank and Gaza,PSE,..,..,..,..,..,..,..,..,..,..,..,..
Battle-related deaths (number of people),VC.BTL.DETH,"Yemen, Rep.",YEM,..,..,1140,2330,582,1660,6716,2846,2719,4504,1661,..
Battle-related deaths (number of people),VC.BTL.DETH,Zambia,ZMB,..,..,..,..,..,..,..,..,..,..,..,..
Battle-related deaths (number of people),VC.BTL.DETH,Zimbabwe,ZWE,..,..,..,..,..,..,..,..,..,..,..,..
Battle-related deaths (number of people),VC.BTL.DETH,Arab World,ARB,..,..,..,..,..,80741,68181,58959,37279,20934,..,..
Battle-related deaths (number of people),VC.BTL.DETH,Caribbean small states,CSS,..,..,..,..,..,..,..,..,..,..,..,..
Battle-related deaths (number of people),VC.BTL.DETH,Central Europe and the Baltics,CEB,..,..,..,..,..,..,..,..,..,..,..,..
Battle-related deaths (number of people),VC.BTL.DETH,Early-demographic dividend,EAR,58180,54978,..,..,..,..,..,49586,28851,19369,13300,..
Battle-related deaths (number of people),VC.BTL.DETH,East Asia & Pacific,EAS,..,..,..,..,..,..,1263,..,..,..,..,..
Battle-related deaths (number of people),VC.BTL.DETH,East Asia & Pacific (excluding high income),EAP,..,..,..,..,..,..,1263,..,..,..,..,..
Battle-related deaths (number of people),VC.BTL.DETH,East Asia & Pacific (IDA & IBRD countries),TEA,..,..,..,..,..,..,1263,..,..,..,..,..
Battle-related deaths (number of people),VC.BTL.DETH,Euro area,EMU,..,..,..,..,..,..,..,..,..,..,..,..
Battle-related deaths (number of people),VC.BTL.DETH,Europe & Central Asia,ECS,..,..,..,..,..,..,..,..,..,..,..,..
Battle-related deaths (number of people),VC.BTL.DETH,Europe & Central Asia (excluding high income),ECA,..,..,..,..,..,..,2372,1840,896,711,525,..
Battle-related deaths (number of people),VC.BTL.DETH,Europe & Central Asia (IDA & IBRD countries),TEC,..,..,..,..,..,..,..,..,..,..,..,..
Battle-related deaths (number of people),VC.BTL.DETH,European Union,EUU,..,..,..,..,..,..,..,..,..,..,..,..
Battle-related deaths (number of people),VC.BTL.DETH,Fragile and conflict affected situations,FCS,..,..,19466,62186,80714,100645,92182,81048,62983,50180,48605,..
Battle-related deaths (number of people),VC.BTL.DETH,Heavily indebted poor countries (HIPC),HPC,..,..,..,..,..,..,..,..,..,..,..,..
Battle-related deaths (number of people),VC.BTL.DETH,High income,HIC,..,..,..,..,..,..,..,..,..,..,..,..
Battle-related deaths (number of people),VC.BTL.DETH,IBRD only,IBD,..,..,..,..,..,..,15002,..,..,..,..,..
Battle-related deaths (number of people),VC.BTL.DETH,IDA & IBRD total,IBT,..,..,..,..,..,..,98887,..,..,..,..,..
Battle-related deaths (number of people),VC.BTL.DETH,IDA blend,IDB,..,..,3189,3858,3460,7958,7560,3509,2728,2200,2312,..
Battle-related deaths (number of people),VC.BTL.DETH,IDA only,IDX,..,..,..,..,..,..,..,..,..,..,..,..
Battle-related deaths (number of people),VC.BTL.DETH,IDA total,IDA,..,..,..,..,..,..,..,70579,..,..,..,..
Battle-related deaths (number of people),VC.BTL.DETH,Late-demographic dividend,LTE,..,..,..,..,..,..,428,..,..,..,..,..
Battle-related deaths (number of people),VC.BTL.DETH,Latin America & Caribbean,LCN,..,..,..,..,..,..,..,..,..,..,..,..
Battle-related deaths (number of people),VC.BTL.DETH,Latin America & Caribbean (excluding high income),LAC,..,..,..,..,..,..,..,..,..,..,..,..
Battle-related deaths (number of people),VC.BTL.DETH,Latin America & the Caribbean (IDA & IBRD countries),TLA,..,..,..,..,..,..,..,..,..,..,..,..
Battle-related deaths (number of people),VC.BTL.DETH,Least developed countries: UN classification,LDC,..,..,..,..,..,..,..,..,..,..,..,..
Battle-related deaths (number of people),VC.BTL.DETH,Low & middle income,LMY,..,..,..,..,..,..,98887,..,..,..,..,..
Battle-related deaths (number of people),VC.BTL.DETH,Low income,LIC,..,..,..,..,..,..,..,..,..,..,43626,..
Battle-related deaths (number of people),VC.BTL.DETH,Lower middle income,LMC,12054,9783,5093,5520,4783,13748,11447,5664,6565,4492,4473,..
Battle-related deaths (number of people),VC.BTL.DETH,Middle East & North Africa,MEA,..,..,..,..,..,..,..,55747,35228,18601,12054,..
Battle-related deaths (number of people),VC.BTL.DETH,Middle East & North Africa (excluding high income),MNA,..,..,..,..,..,..,..,55627,35224,18532,12004,..
Battle-related deaths (number of people),VC.BTL.DETH,Middle East & North Africa (IDA & IBRD countries),TMN,..,..,..,..,..,..,..,55627,35224,18532,12004,..
Battle-related deaths (number of people),VC.BTL.DETH,Middle income,MIC,..,..,..,..,..,..,23191,..,..,..,..,..
Battle-related deaths (number of people),VC.BTL.DETH,North America,NAC,..,..,..,..,..,..,..,..,..,..,..,..
Battle-related deaths (number of people),VC.BTL.DETH,Not classified,INX,..,..,..,..,..,..,..,..,..,..,..,..
Battle-related deaths (number of people),VC.BTL.DETH,OECD members,OED,..,..,..,..,..,..,..,..,..,..,..,..
Battle-related deaths (number of people),VC.BTL.DETH,Other small states,OSS,..,..,..,..,..,..,..,..,..,..,..,..
Battle-related deaths (number of people),VC.BTL.DETH,Pacific island small states,PSS,..,..,..,..,..,..,..,..,..,..,..,..
Battle-related deaths (number of people),VC.BTL.DETH,Post-demographic dividend,PST,..,..,..,..,..,..,..,..,..,..,..,..
Battle-related deaths (number of people),VC.BTL.DETH,Pre-demographic dividend,PRE,..,..,..,..,..,..,..,..,38149,..,37358,..
Battle-related deaths (number of people),VC.BTL.DETH,Small states,SST,..,..,..,..,..,..,..,..,..,..,..,..
Battle-related deaths (number of people),VC.BTL.DETH,South Asia,SAS,7541,10843,10699,11147,10242,15884,19863,19415,20387,26704,30758,..
Battle-related deaths (number of people),VC.BTL.DETH,South Asia (IDA & IBRD),TSA,7541,10843,10699,11147,10242,15884,19863,19415,20387,26704,30758,..
Battle-related deaths (number of people),VC.BTL.DETH,Sub-Saharan Africa,SSF,..,..,..,..,..,..,..,..,..,..,..,..
Battle-related deaths (number of people),VC.BTL.DETH,Sub-Saharan Africa (excluding high income),SSA,..,..,..,..,..,..,..,..,..,..,..,..
Battle-related deaths (number of people),VC.BTL.DETH,Sub-Saharan Africa (IDA & IBRD countries),TSS,..,..,..,..,..,..,..,..,..,..,..,..
Battle-related deaths (number of people),VC.BTL.DETH,Upper middle income,UMC,..,..,..,..,..,..,..,..,..,..,..,..
Battle-related deaths (number of people),VC.BTL.DETH,World,WLD,..,..,..,..,..,..,..,..,..,..,..,..
,,,,,,,,,,,,,,,
,,,,,,,,,,,,,,,
,,,,,,,,,,,,,,,
Data from database: World Development Indicators,,,,,,,,,,,,,,,
Last Updated: 02/17/2021,,,,,,,,,,,,,,,
