Country Name,Country Code,Series Name,Series Code,1995 [YR1995],1996 [YR1996],1997 [YR1997],1998 [YR1998],1999 [YR1999],2000 [YR2000],2001 [YR2001],2002 [YR2002],2003 [YR2003],2004 [YR2004],2005 [YR2005],2006 [YR2006],2007 [YR2007],2008 [YR2008],2009 [YR2009],2010 [YR2010],2011 [YR2011],2012 [YR2012],2013 [YR2013],2014 [YR2014],2015 [YR2015],2016 [YR2016],2017 [YR2017],2018 [YR2018],2019 [YR2019]
Afghanistan,AFG,Poverty gap at $5.50 a day (2011 PPP) (% of population),SI.POV.UMIC.GP,..,..,..,..,..,..,..,..,..,..,..,..,..,..,..,..,..,..,..,..,..,..,..,..,..
Afghanistan,AFG,Poverty gap at $1.90 a day (2011 PPP) (%),SI.POV.GAPS,..,..,..,..,..,..,..,..,..,..,..,..,..,..,..,..,..,..,..,..,..,..,..,..,..
Afghanistan,AFG,Poverty gap at $3.20 a day (2011 PPP) (% of population),SI.POV.LMIC.GP,..,..,..,..,..,..,..,..,..,..,..,..,..,..,..,..,..,..,..,..,..,..,..,..,..
Albania,ALB,Poverty gap at $5.50 a day (2011 PPP) (% of population),SI.POV.UMIC.GP,..,12.8,..,..,..,..,..,15.1,..,..,10.6,..,..,7.4,..,..,..,8.6,..,11.7,9.7,10,9.8,..,..
Albania,ALB,Poverty gap at $1.90 a day (2011 PPP) (%),SI.POV.GAPS,..,0.1,..,..,..,..,..,0.3,..,..,0.1,..,..,0.1,..,..,..,0.2,..,0.2,0.1,0.1,0.2,..,..
Albania,ALB,Poverty gap at $3.20 a day (2011 PPP) (% of population),SI.POV.LMIC.GP,..,2.1,..,..,..,..,..,2.9,..,..,1.8,..,..,0.8,..,..,..,1.3,..,2.5,1.7,2,1.8,..,..
Algeria,DZA,Poverty gap at $5.50 a day (2011 PPP) (% of population),SI.POV.UMIC.GP,20.2,..,..,..,..,..,..,..,..,..,..,..,..,..,..,..,6.5,..,..,..,..,..,..,..,..
Algeria,DZA,Poverty gap at $1.90 a day (2011 PPP) (%),SI.POV.GAPS,1.1,..,..,..,..,..,..,..,..,..,..,..,..,..,..,..,0.2,..,..,..,..,..,..,..,..
Algeria,DZA,Poverty gap at $3.20 a day (2011 PPP) (% of population),SI.POV.LMIC.GP,6.4,..,..,..,..,..,..,..,..,..,..,..,..,..,..,..,0.7,..,..,..,..,..,..,..,..
Angola,AGO,Poverty gap at $5.50 a day (2011 PPP) (% of population),SI.POV.UMIC.GP,..,..,..,..,..,47.3,..,..,..,..,..,..,..,46.2,..,..,..,..,..,..,..,..,..,57.9,..
Angola,AGO,Poverty gap at $1.90 a day (2011 PPP) (%),SI.POV.GAPS,..,..,..,..,..,16.4,..,..,..,..,..,..,..,11.6,..,..,..,..,..,..,..,..,..,23.9,..
Angola,AGO,Poverty gap at $3.20 a day (2011 PPP) (% of population),SI.POV.LMIC.GP,..,..,..,..,..,29.6,..,..,..,..,..,..,..,26.6,..,..,..,..,..,..,..,..,..,40.1,..
Argentina,ARG,Poverty gap at $5.50 a day (2011 PPP) (% of population),SI.POV.UMIC.GP,9.8,11,10.3,11.3,11.7,13.4,17.2,24.9,15.3,12.4,10.2,8.4,7.6,7,6.4,6,3.7,3.5,3.4,3.7,..,3.6,3.2,4,..
Argentina,ARG,Poverty gap at $1.90 a day (2011 PPP) (%),SI.POV.GAPS,2.6,3.1,2.6,2.6,2.9,3.3,5.5,6.8,3.2,2.2,1.7,1.6,1.4,1.3,1.3,1.1,0.4,0.4,0.4,0.4,..,0.4,0.3,0.5,..
Argentina,ARG,Poverty gap at $3.20 a day (2011 PPP) (% of population),SI.POV.LMIC.GP,4.6,5.2,4.7,5.1,5.4,6.4,9.5,13.8,7.2,5.4,4.3,3.7,3.1,3,2.7,2.5,1.1,1.1,1,1.1,..,1,1,1.3,..
Armenia,ARM,Poverty gap at $5.50 a day (2011 PPP) (% of population),SI.POV.UMIC.GP,..,..,..,..,34.7,..,36.7,34.3,31.9,25.4,20.1,17.3,14.5,12.5,15.8,16.1,15,13.8,13.5,13.2,11.6,11.3,11,11.5,..
Armenia,ARM,Poverty gap at $1.90 a day (2011 PPP) (%),SI.POV.GAPS,..,..,..,..,2.9,..,3.1,2.2,1.2,1.3,0.6,0.3,0.3,0.2,0.2,0.2,0.2,0.2,0.4,0.2,0.2,0.2,0.1,0.2,..
Armenia,ARM,Poverty gap at $3.20 a day (2011 PPP) (% of population),SI.POV.LMIC.GP,..,..,..,..,13.5,..,14.3,12.2,9.8,7.1,4.3,3.3,2.8,1.7,2.5,2.6,2.5,2.2,2.4,2.3,2.1,1.9,1.6,2.1,..
Australia,AUS,Poverty gap at $5.50 a day (2011 PPP) (% of population),SI.POV.UMIC.GP,1,..,..,..,..,..,0.9,..,1.1,0.7,..,..,..,0.5,..,0.5,..,..,..,0.6,..,..,..,..,..
Australia,AUS,Poverty gap at $1.90 a day (2011 PPP) (%),SI.POV.GAPS,0.6,..,..,..,..,..,0.6,..,0.8,0.4,..,..,..,0.3,..,0.3,..,..,..,0.4,..,..,..,..,..
Australia,AUS,Poverty gap at $3.20 a day (2011 PPP) (% of population),SI.POV.LMIC.GP,0.8,..,..,..,..,..,0.7,..,0.9,0.6,..,..,..,0.4,..,0.4,..,..,..,0.4,..,..,..,..,..
Austria,AUT,Poverty gap at $5.50 a day (2011 PPP) (% of population),SI.POV.UMIC.GP,1.3,..,0.4,..,..,0.2,..,..,0.4,0.1,0.2,0.2,0.5,0.5,0.7,0.5,0.6,0.7,0.4,0.3,0.7,0.8,0.4,..,..
Austria,AUT,Poverty gap at $1.90 a day (2011 PPP) (%),SI.POV.GAPS,1,..,0.2,..,..,0,..,..,0.3,0.1,0.1,0,0.3,0.2,0.5,0.4,0.3,0.4,0.2,0.1,0.6,0.6,0.2,..,..
Austria,AUT,Poverty gap at $3.20 a day (2011 PPP) (% of population),SI.POV.LMIC.GP,1,..,0.3,..,..,0.1,..,..,0.3,0.1,0.1,0.1,0.3,0.4,0.6,0.4,0.4,0.5,0.3,0.2,0.6,0.6,0.3,..,..
Azerbaijan,AZE,Poverty gap at $5.50 a day (2011 PPP) (% of population),SI.POV.UMIC.GP,23,..,..,..,..,..,16.8,2.5,2.9,1.8,0.8,..,..,..,..,..,..,..,..,..,..,..,..,..,..
Azerbaijan,AZE,Poverty gap at $1.90 a day (2011 PPP) (%),SI.POV.GAPS,2.1,..,..,..,..,..,0.4,0,0,0,0,..,..,..,..,..,..,..,..,..,..,..,..,..,..
Azerbaijan,AZE,Poverty gap at $3.20 a day (2011 PPP) (% of population),SI.POV.LMIC.GP,7.6,..,..,..,..,..,3.8,0.1,0.1,0,0,..,..,..,..,..,..,..,..,..,..,..,..,..,..
Bangladesh,BGD,Poverty gap at $5.50 a day (2011 PPP) (% of population),SI.POV.UMIC.GP,52.7,..,..,..,..,51.2,..,..,..,..,46.8,..,..,..,..,43.1,..,..,..,..,..,39,..,..,..
Bangladesh,BGD,Poverty gap at $1.90 a day (2011 PPP) (%),SI.POV.GAPS,8.1,..,..,..,..,7.8,..,..,..,..,5,..,..,..,..,3.5,..,..,..,..,..,2.7,..,..,..
Bangladesh,BGD,Poverty gap at $3.20 a day (2011 PPP) (% of population),SI.POV.LMIC.GP,28.7,..,..,..,..,27.6,..,..,..,..,22.5,..,..,..,..,18.8,..,..,..,..,..,15.4,..,..,..
Belarus,BLR,Poverty gap at $5.50 a day (2011 PPP) (% of population),SI.POV.UMIC.GP,..,..,..,32.3,29.4,24.7,15.9,12.7,10.9,6.5,3.9,2.4,1.6,1.1,1.1,0.6,0.4,0.2,0.1,0.1,0.1,0.1,0.1,0.1,..
Belarus,BLR,Poverty gap at $1.90 a day (2011 PPP) (%),SI.POV.GAPS,..,..,..,2.8,2.7,1.8,0.7,0.5,0.4,0.1,0.1,0,0,0,0,0,0,0,0,0,0,0,0,0,..
Belarus,BLR,Poverty gap at $3.20 a day (2011 PPP) (% of population),SI.POV.LMIC.GP,..,..,..,12,10.8,7.8,3.9,2.7,2.2,0.9,0.5,0.2,0.2,0.1,0.1,0,0,0,0,0,0,0,0,0,..
Belgium,BEL,Poverty gap at $5.50 a day (2011 PPP) (% of population),SI.POV.UMIC.GP,0.6,..,0.5,..,..,0.5,..,..,0.4,0.1,0.3,0.2,0.2,0.1,0.1,0.2,0.2,0.2,0.2,0.1,0.1,0.1,0.2,..,..
Belgium,BEL,Poverty gap at $1.90 a day (2011 PPP) (%),SI.POV.GAPS,0.4,..,0.3,..,..,0.3,..,..,0.2,0,0.1,0.1,0.1,0.1,0.1,0.1,0.1,0.1,0.1,0.1,0.1,0.1,0.1,..,..
Belgium,BEL,Poverty gap at $3.20 a day (2011 PPP) (% of population),SI.POV.LMIC.GP,0.5,..,0.4,..,..,0.3,..,..,0.3,0.1,0.2,0.2,0.1,0.1,0.1,0.1,0.1,0.2,0.1,0.1,0.1,0.1,0.1,..,..
Belize,BLZ,Poverty gap at $5.50 a day (2011 PPP) (% of population),SI.POV.UMIC.GP,..,26.3,28.3,26.7,23.8,..,..,..,..,..,..,..,..,..,..,..,..,..,..,..,..,..,..,..,..
Belize,BLZ,Poverty gap at $1.90 a day (2011 PPP) (%),SI.POV.GAPS,..,5.5,7.7,5.8,6,..,..,..,..,..,..,..,..,..,..,..,..,..,..,..,..,..,..,..,..
Belize,BLZ,Poverty gap at $3.20 a day (2011 PPP) (% of population),SI.POV.LMIC.GP,..,12.1,14.8,13.1,11.7,..,..,..,..,..,..,..,..,..,..,..,..,..,..,..,..,..,..,..,..
Benin,BEN,Poverty gap at $5.50 a day (2011 PPP) (% of population),SI.POV.UMIC.GP,..,..,..,..,..,..,..,..,57.9,..,..,..,..,..,..,..,57.8,..,..,..,59.3,..,..,..,..
Benin,BEN,Poverty gap at $1.90 a day (2011 PPP) (%),SI.POV.GAPS,..,..,..,..,..,..,..,..,16.3,..,..,..,..,..,..,..,19.1,..,..,..,22.4,..,..,..,..
Benin,BEN,Poverty gap at $3.20 a day (2011 PPP) (% of population),SI.POV.LMIC.GP,..,..,..,..,..,..,..,..,36.6,..,..,..,..,..,..,..,38.5,..,..,..,39.6,..,..,..,..
Bhutan,BTN,Poverty gap at $5.50 a day (2011 PPP) (% of population),SI.POV.UMIC.GP,..,..,..,..,..,..,..,..,34.6,..,..,..,25,..,..,..,..,14.5,..,..,..,..,12.3,..,..
Bhutan,BTN,Poverty gap at $1.90 a day (2011 PPP) (%),SI.POV.GAPS,..,..,..,..,..,..,..,..,3.3,..,..,..,1.6,..,..,..,..,0.4,..,..,..,..,0.2,..,..
Bhutan,BTN,Poverty gap at $3.20 a day (2011 PPP) (% of population),SI.POV.LMIC.GP,..,..,..,..,..,..,..,..,15.2,..,..,..,8.8,..,..,..,..,3.4,..,..,..,..,2.6,..,..
Bolivia,BOL,Poverty gap at $5.50 a day (2011 PPP) (% of population),SI.POV.UMIC.GP,..,..,27.3,..,32.4,36.2,31.1,32.7,..,24.4,27.4,24.2,22.1,17.9,15.9,..,12.3,12.9,11.3,10.5,10.7,11.1,10.3,9.2,..
Bolivia,BOL,Poverty gap at $1.90 a day (2011 PPP) (%),SI.POV.GAPS,..,..,10,..,15.3,17.5,12.3,13.3,..,6,9.9,8,5.9,5,5,..,3,3.9,3.1,2.5,2.8,2.9,2.4,1.7,..
Bolivia,BOL,Poverty gap at $3.20 a day (2011 PPP) (% of population),SI.POV.LMIC.GP,..,..,16.3,..,22,24.8,19.4,20.7,..,12.2,16.3,13.8,11.2,9.2,8.7,..,6,6.9,5.7,5.1,5.2,5.7,4.9,4.1,..
Bosnia and Herzegovina,BIH,Poverty gap at $5.50 a day (2011 PPP) (% of population),SI.POV.UMIC.GP,..,..,..,..,..,..,1.9,..,..,0.9,..,..,0.6,..,..,..,0.9,..,..,..,..,..,..,..,..
Bosnia and Herzegovina,BIH,Poverty gap at $1.90 a day (2011 PPP) (%),SI.POV.GAPS,..,..,..,..,..,..,0.1,..,..,0.1,..,..,0,..,..,..,0,..,..,..,..,..,..,..,..
Bosnia and Herzegovina,BIH,Poverty gap at $3.20 a day (2011 PPP) (% of population),SI.POV.LMIC.GP,..,..,..,..,..,..,0.3,..,..,0.2,..,..,0.1,..,..,..,0.1,..,..,..,..,..,..,..,..
Botswana,BWA,Poverty gap at $5.50 a day (2011 PPP) (% of population),SI.POV.UMIC.GP,..,..,..,..,..,..,..,37.5,..,..,..,..,..,..,27.6,..,..,..,..,..,28.1,..,..,..,..
Botswana,BWA,Poverty gap at $1.90 a day (2011 PPP) (%),SI.POV.GAPS,..,..,..,..,..,..,..,10.7,..,..,..,..,..,..,5.3,..,..,..,..,..,3.9,..,..,..,..
Botswana,BWA,Poverty gap at $3.20 a day (2011 PPP) (% of population),SI.POV.LMIC.GP,..,..,..,..,..,..,..,22.4,..,..,..,..,..,..,13.8,..,..,..,..,..,12.9,..,..,..,..
Brazil,BRA,Poverty gap at $5.50 a day (2011 PPP) (% of population),SI.POV.UMIC.GP,21.7,22.3,22.4,21.2,22.1,..,19.4,18.5,19.2,17.9,16.6,14.4,13.6,11.8,11.1,..,9.5,8.1,7.2,6.4,6.9,7.9,8.2,8.1,..
Brazil,BRA,Poverty gap at $1.90 a day (2011 PPP) (%),SI.POV.GAPS,5.3,6.1,5.9,5.2,5.4,..,4.6,3.8,4.3,3.6,3.1,2.7,2.8,2.2,2.1,..,1.9,1.4,1,0.9,1.1,1.4,1.6,1.6,..
Brazil,BRA,Poverty gap at $3.20 a day (2011 PPP) (% of population),SI.POV.LMIC.GP,11.2,12,11.9,10.8,11.3,..,9.8,8.9,9.5,8.4,7.5,6.3,6.1,5,4.8,..,4.1,3.4,2.8,2.4,2.8,3.3,3.7,3.7,..
Bulgaria,BGR,Poverty gap at $5.50 a day (2011 PPP) (% of population),SI.POV.UMIC.GP,..,..,..,..,..,..,..,..,..,..,..,9.9,4.4,3.2,3,4.1,4.7,4.6,4.6,3.6,5.3,3.9,3,..,..
Bulgaria,BGR,Poverty gap at $1.90 a day (2011 PPP) (%),SI.POV.GAPS,..,..,..,..,..,..,..,..,..,..,..,2.7,0.7,0.4,0.3,0.7,1,0.8,0.7,0.5,1.4,0.7,0.4,..,..
Bulgaria,BGR,Poverty gap at $3.20 a day (2011 PPP) (% of population),SI.POV.LMIC.GP,..,..,..,..,..,..,..,..,..,..,..,5,1.6,1.1,1,1.6,2.1,1.9,1.9,1.5,2.8,1.8,1.2,..,..
Burkina Faso,BFA,Poverty gap at $5.50 a day (2011 PPP) (% of population),SI.POV.UMIC.GP,..,..,..,75.1,..,..,..,..,62,..,..,..,..,..,61.2,..,..,..,..,55,..,..,..,..,..
Burkina Faso,BFA,Poverty gap at $1.90 a day (2011 PPP) (%),SI.POV.GAPS,..,..,..,43.1,..,..,..,..,23.8,..,..,..,..,..,20.1,..,..,..,..,11.2,..,..,..,..,..
Burkina Faso,BFA,Poverty gap at $3.20 a day (2011 PPP) (% of population),SI.POV.LMIC.GP,..,..,..,61.2,..,..,..,..,43.1,..,..,..,..,..,40.7,..,..,..,..,32.3,..,..,..,..,..
Burundi,BDI,Poverty gap at $5.50 a day (2011 PPP) (% of population),SI.POV.UMIC.GP,..,..,..,78.1,..,..,..,..,..,..,..,72.7,..,..,..,..,..,..,69.8,..,..,..,..,..,..
Burundi,BDI,Poverty gap at $1.90 a day (2011 PPP) (%),SI.POV.GAPS,..,..,..,45.5,..,..,..,..,..,..,..,33.7,..,..,..,..,..,..,31.1,..,..,..,..,..,..
Burundi,BDI,Poverty gap at $3.20 a day (2011 PPP) (% of population),SI.POV.LMIC.GP,..,..,..,64.4,..,..,..,..,..,..,..,55.6,..,..,..,..,..,..,52.2,..,..,..,..,..,..
Cabo Verde,CPV,Poverty gap at $5.50 a day (2011 PPP) (% of population),SI.POV.UMIC.GP,..,..,..,..,..,..,29.9,..,..,..,..,..,21.9,..,..,..,..,..,..,..,14.5,..,..,..,..
Cabo Verde,CPV,Poverty gap at $1.90 a day (2011 PPP) (%),SI.POV.GAPS,..,..,..,..,..,..,4.7,..,..,..,..,..,1.9,..,..,..,..,..,..,..,0.7,..,..,..,..
Cabo Verde,CPV,Poverty gap at $3.20 a day (2011 PPP) (% of population),SI.POV.LMIC.GP,..,..,..,..,..,..,14,..,..,..,..,..,8.2,..,..,..,..,..,..,..,4.2,..,..,..,..
Cambodia,KHM,Poverty gap at $5.50 a day (2011 PPP) (% of population),SI.POV.UMIC.GP,..,..,..,..,..,..,..,..,..,..,..,..,..,..,..,..,..,..,..,..,..,..,..,..,..
Cambodia,KHM,Poverty gap at $1.90 a day (2011 PPP) (%),SI.POV.GAPS,..,..,..,..,..,..,..,..,..,..,..,..,..,..,..,..,..,..,..,..,..,..,..,..,..
Cambodia,KHM,Poverty gap at $3.20 a day (2011 PPP) (% of population),SI.POV.LMIC.GP,..,..,..,..,..,..,..,..,..,..,..,..,..,..,..,..,..,..,..,..,..,..,..,..,..
Cameroon,CMR,Poverty gap at $5.50 a day (2011 PPP) (% of population),SI.POV.UMIC.GP,..,56.4,..,..,..,..,42,..,..,..,..,..,44.2,..,..,..,..,..,..,36.8,..,..,..,..,..
Cameroon,CMR,Poverty gap at $1.90 a day (2011 PPP) (%),SI.POV.GAPS,..,17,..,..,..,..,7,..,..,..,..,..,9.4,..,..,..,..,..,..,8.4,..,..,..,..,..
Cameroon,CMR,Poverty gap at $3.20 a day (2011 PPP) (% of population),SI.POV.LMIC.GP,..,36.7,..,..,..,..,21.2,..,..,..,..,..,24.5,..,..,..,..,..,..,20.1,..,..,..,..,..
Canada,CAN,Poverty gap at $5.50 a day (2011 PPP) (% of population),SI.POV.UMIC.GP,..,..,0.5,0.5,..,0.4,..,..,..,0.3,..,..,0.2,..,..,0.3,..,..,0.4,..,..,..,0.4,..,..
Canada,CAN,Poverty gap at $1.90 a day (2011 PPP) (%),SI.POV.GAPS,..,..,0.2,0.2,..,0.1,..,..,..,0.1,..,..,0.1,..,..,0.1,..,..,0.1,..,..,..,0.1,..,..
Canada,CAN,Poverty gap at $3.20 a day (2011 PPP) (% of population),SI.POV.LMIC.GP,..,..,0.3,0.3,..,0.2,..,..,..,0.2,..,..,0.2,..,..,0.2,..,..,0.3,..,..,..,0.2,..,..
Central African Republic,CAF,Poverty gap at $5.50 a day (2011 PPP) (% of population),SI.POV.UMIC.GP,..,..,..,..,..,..,..,..,66.5,..,..,..,..,66.3,..,..,..,..,..,..,..,..,..,..,..
Central African Republic,CAF,Poverty gap at $1.90 a day (2011 PPP) (%),SI.POV.GAPS,..,..,..,..,..,..,..,..,30,..,..,..,..,32.8,..,..,..,..,..,..,..,..,..,..,..
Central African Republic,CAF,Poverty gap at $3.20 a day (2011 PPP) (% of population),SI.POV.LMIC.GP,..,..,..,..,..,..,..,..,48.9,..,..,..,..,50.3,..,..,..,..,..,..,..,..,..,..,..
Chad,TCD,Poverty gap at $5.50 a day (2011 PPP) (% of population),SI.POV.UMIC.GP,..,..,..,..,..,..,..,..,65.7,..,..,..,..,..,..,..,50.5,..,..,..,..,..,..,..,..
Chad,TCD,Poverty gap at $1.90 a day (2011 PPP) (%),SI.POV.GAPS,..,..,..,..,..,..,..,..,26.6,..,..,..,..,..,..,..,15.2,..,..,..,..,..,..,..,..
Chad,TCD,Poverty gap at $3.20 a day (2011 PPP) (% of population),SI.POV.LMIC.GP,..,..,..,..,..,..,..,..,46.7,..,..,..,..,..,..,..,30.7,..,..,..,..,..,..,..,..
Chile,CHL,Poverty gap at $5.50 a day (2011 PPP) (% of population),SI.POV.UMIC.GP,..,11.1,..,10.3,..,11.3,..,..,10.9,..,..,5.8,..,..,4.5,..,3.3,..,1.7,..,1.3,..,0.9,..,..
Chile,CHL,Poverty gap at $1.90 a day (2011 PPP) (%),SI.POV.GAPS,..,1.2,..,1.3,..,1.8,..,..,1.7,..,..,0.5,..,..,0.5,..,0.2,..,0.2,..,0.1,..,0.2,..,..
Chile,CHL,Poverty gap at $3.20 a day (2011 PPP) (% of population),SI.POV.LMIC.GP,..,3.7,..,3.6,..,4.3,..,..,4,..,..,1.6,..,..,1.3,..,0.8,..,0.4,..,0.3,..,0.3,..,..
China,CHN,Poverty gap at $5.50 a day (2011 PPP) (% of population),SI.POV.UMIC.GP,..,54,..,..,51.4,..,..,43.9,..,..,33.5,..,..,27.6,..,23.1,19.8,17.3,11.7,9.7,7.8,6.5,..,..,..
China,CHN,Poverty gap at $1.90 a day (2011 PPP) (%),SI.POV.GAPS,..,12.9,..,..,13.1,..,..,10.1,..,..,4.9,..,..,3.9,..,2.7,1.8,1.4,0.4,0.3,0.2,0.1,..,..,..
China,CHN,Poverty gap at $3.20 a day (2011 PPP) (% of population),SI.POV.LMIC.GP,..,31.7,..,..,30.5,..,..,24.6,..,..,15.5,..,..,12.4,..,9.7,7.4,6.2,2.8,2.1,1.4,1,..,..,..
Colombia,COL,Poverty gap at $5.50 a day (2011 PPP) (% of population),SI.POV.UMIC.GP,..,27.7,..,..,30.8,27.6,31.3,25.3,23,22.5,20.1,..,..,19.3,18,16.3,14.5,13.9,12.9,11.9,11.2,11.1,10.4,10.5,..
Colombia,COL,Poverty gap at $1.90 a day (2011 PPP) (%),SI.POV.GAPS,..,9.2,..,..,11.1,11.1,10.3,5.5,4.6,3.7,3.4,..,..,4.4,3.5,2.9,2.4,2.4,2.2,2,1.8,1.8,1.6,1.7,..
Colombia,COL,Poverty gap at $3.20 a day (2011 PPP) (% of population),SI.POV.LMIC.GP,..,15.4,..,..,18.1,16.2,17.6,12.4,10.7,9.9,8.8,..,..,9.3,8.1,7.1,6,5.8,5.4,4.9,4.4,4.4,3.9,4,..
Comoros,COM,Poverty gap at $5.50 a day (2011 PPP) (% of population),SI.POV.UMIC.GP,..,..,..,..,..,..,..,..,..,29.8,..,..,..,..,..,..,..,..,..,32.2,..,..,..,..,..
Comoros,COM,Poverty gap at $1.90 a day (2011 PPP) (%),SI.POV.GAPS,..,..,..,..,..,..,..,..,..,4.3,..,..,..,..,..,..,..,..,..,6.8,..,..,..,..,..
Comoros,COM,Poverty gap at $3.20 a day (2011 PPP) (% of population),SI.POV.LMIC.GP,..,..,..,..,..,..,..,..,..,13.3,..,..,..,..,..,..,..,..,..,16.2,..,..,..,..,..
"Congo, Dem. Rep.",COD,Poverty gap at $5.50 a day (2011 PPP) (% of population),SI.POV.UMIC.GP,..,..,..,..,..,..,..,..,..,86.6,..,..,..,..,..,..,..,73.8,..,..,..,..,..,..,..
"Congo, Dem. Rep.",COD,Poverty gap at $1.90 a day (2011 PPP) (%),SI.POV.GAPS,..,..,..,..,..,..,..,..,..,64.1,..,..,..,..,..,..,..,39.3,..,..,..,..,..,..,..
"Congo, Dem. Rep.",COD,Poverty gap at $3.20 a day (2011 PPP) (% of population),SI.POV.LMIC.GP,..,..,..,..,..,..,..,..,..,77.4,..,..,..,..,..,..,..,58.1,..,..,..,..,..,..,..
"Congo, Rep.",COG,Poverty gap at $5.50 a day (2011 PPP) (% of population),SI.POV.UMIC.GP,..,..,..,..,..,..,..,..,..,..,59.1,..,..,..,..,..,48.4,..,..,..,..,..,..,..,..
"Congo, Rep.",COG,Poverty gap at $1.90 a day (2011 PPP) (%),SI.POV.GAPS,..,..,..,..,..,..,..,..,..,..,22.9,..,..,..,..,..,15.4,..,..,..,..,..,..,..,..
"Congo, Rep.",COG,Poverty gap at $3.20 a day (2011 PPP) (% of population),SI.POV.LMIC.GP,..,..,..,..,..,..,..,..,..,..,40.9,..,..,..,..,..,29.9,..,..,..,..,..,..,..,..
Costa Rica,CRI,Poverty gap at $5.50 a day (2011 PPP) (% of population),SI.POV.UMIC.GP,13.5,15.2,13.1,10.8,12.5,12.8,9.7,9.2,9,8.9,7.6,7.5,5.5,5.4,5.5,4.4,4.6,4.3,4.3,4,4,3.8,3.2,3.8,..
Costa Rica,CRI,Poverty gap at $1.90 a day (2011 PPP) (%),SI.POV.GAPS,3.8,4.3,3.1,2.4,3.1,3.3,2.2,2.2,2,1.8,1.1,1.3,0.7,0.9,1.1,0.7,0.7,0.6,0.6,0.6,0.6,0.5,0.4,0.6,..
Costa Rica,CRI,Poverty gap at $3.20 a day (2011 PPP) (% of population),SI.POV.LMIC.GP,6.6,7.5,5.9,4.6,5.8,6.1,4.5,4.2,4,3.8,2.9,2.9,1.8,2,2.2,1.5,1.6,1.5,1.5,1.4,1.5,1.3,1,1.4,..
Cote d'Ivoire,CIV,Poverty gap at $5.50 a day (2011 PPP) (% of population),SI.POV.UMIC.GP,39.3,..,..,43.9,..,..,..,43.2,..,..,..,..,..,45,..,..,..,..,..,..,44.8,..,..,..,..
Cote d'Ivoire,CIV,Poverty gap at $1.90 a day (2011 PPP) (%),SI.POV.GAPS,5.2,..,..,8.3,..,..,..,7.7,..,..,..,..,..,11,..,..,..,..,..,..,9.8,..,..,..,..
Cote d'Ivoire,CIV,Poverty gap at $3.20 a day (2011 PPP) (% of population),SI.POV.LMIC.GP,19,..,..,22.5,..,..,..,22,..,..,..,..,..,25.4,..,..,..,..,..,..,24.4,..,..,..,..
Croatia,HRV,Poverty gap at $5.50 a day (2011 PPP) (% of population),SI.POV.UMIC.GP,..,..,..,..,..,..,..,..,..,..,..,..,..,..,1.7,2.2,2.1,2.2,2.3,2,1.5,1.4,1.2,..,..
Croatia,HRV,Poverty gap at $1.90 a day (2011 PPP) (%),SI.POV.GAPS,..,..,..,..,..,..,..,..,..,..,..,..,..,..,0.7,0.9,0.4,0.5,0.5,0.6,0.4,0.3,0.3,..,..
Croatia,HRV,Poverty gap at $3.20 a day (2011 PPP) (% of population),SI.POV.LMIC.GP,..,..,..,..,..,..,..,..,..,..,..,..,..,..,0.9,1.2,0.7,0.8,0.9,0.9,0.6,0.6,0.5,..,..
Cyprus,CYP,Poverty gap at $5.50 a day (2011 PPP) (% of population),SI.POV.UMIC.GP,..,..,..,..,..,..,..,..,..,0.1,0,0,0,0,0.1,0.1,0,0,0.1,0.1,0.1,0.1,0,..,..
Cyprus,CYP,Poverty gap at $1.90 a day (2011 PPP) (%),SI.POV.GAPS,..,..,..,..,..,..,..,..,..,0.1,0,0,0,0,0.1,0,0,0,0,0.1,0,0,0,..,..
Cyprus,CYP,Poverty gap at $3.20 a day (2011 PPP) (% of population),SI.POV.LMIC.GP,..,..,..,..,..,..,..,..,..,0.1,0,0,0,0,0.1,0,0,0,0.1,0.1,0,0,0,..,..
Czech Republic,CZE,Poverty gap at $5.50 a day (2011 PPP) (% of population),SI.POV.UMIC.GP,..,0.3,..,..,..,..,..,0.1,..,0.2,0.1,0.1,0.2,0.1,0.1,0.2,0.1,0.2,0.1,0.1,0,0.1,0.1,..,..
Czech Republic,CZE,Poverty gap at $1.90 a day (2011 PPP) (%),SI.POV.GAPS,..,0,..,..,..,..,..,0,..,0,0,0,0,0,0,0,0,0,0,0,0,0,0,..,..
Czech Republic,CZE,Poverty gap at $3.20 a day (2011 PPP) (% of population),SI.POV.LMIC.GP,..,0.1,..,..,..,..,..,0,..,0,0,0,0.1,0,0,0,0,0.1,0,0,0,0,0,..,..
Denmark,DNK,Poverty gap at $5.50 a day (2011 PPP) (% of population),SI.POV.UMIC.GP,0.1,..,..,..,..,0.1,..,..,0.3,0.3,0.3,0.2,0.2,0.3,0.5,0.1,0.1,0,0.3,0.2,0.2,0.3,0.2,..,..
Denmark,DNK,Poverty gap at $1.90 a day (2011 PPP) (%),SI.POV.GAPS,0,..,..,..,..,0,..,..,0.2,0.2,0.1,0,0,0.1,0.1,0,0,0,0.3,0.1,0.1,0.2,0.1,..,..
Denmark,DNK,Poverty gap at $3.20 a day (2011 PPP) (% of population),SI.POV.LMIC.GP,0,..,..,..,..,0,..,..,0.3,0.3,0.2,0.1,0.1,0.2,0.3,0,0,0,0.3,0.1,0.2,0.2,0.1,..,..
Djibouti,DJI,Poverty gap at $5.50 a day (2011 PPP) (% of population),SI.POV.UMIC.GP,..,..,..,..,..,..,..,36.9,..,..,..,..,..,..,..,..,..,32.3,36,..,..,..,32.2,..,..
Djibouti,DJI,Poverty gap at $1.90 a day (2011 PPP) (%),SI.POV.GAPS,..,..,..,..,..,..,..,5.9,..,..,..,..,..,..,..,..,..,7.8,7.4,..,..,..,5.6,..,..
Djibouti,DJI,Poverty gap at $3.20 a day (2011 PPP) (% of population),SI.POV.LMIC.GP,..,..,..,..,..,..,..,17.4,..,..,..,..,..,..,..,..,..,16.1,17.9,..,..,..,14.7,..,..
Dominican Republic,DOM,Poverty gap at $5.50 a day (2011 PPP) (% of population),SI.POV.UMIC.GP,..,12.2,11.6,..,..,11.7,11.1,12.3,15.3,19.1,14.3,12.6,12.3,12.5,11.3,11,10.4,10.5,9.9,8.2,6.9,6.3,4.4,3.6,..
Dominican Republic,DOM,Poverty gap at $1.90 a day (2011 PPP) (%),SI.POV.GAPS,..,1.9,2,..,..,1.8,1.1,1.9,2.2,2.7,1.7,1.2,1.2,1,0.8,0.6,0.7,0.7,0.5,0.5,0.5,0.5,0.3,0.1,..
Dominican Republic,DOM,Poverty gap at $3.20 a day (2011 PPP) (% of population),SI.POV.LMIC.GP,..,4.7,4.8,..,..,4.7,3.8,5.1,6.1,7.9,5.4,4.4,4.2,3.9,3.4,3.1,3.1,3.1,2.6,2.3,1.9,1.7,1,0.6,..
Ecuador,ECU,Poverty gap at $5.50 a day (2011 PPP) (% of population),SI.POV.UMIC.GP,..,..,..,..,33.1,39.6,..,..,25.1,26,21.1,17.2,16.9,15.8,15.4,13.2,11.3,10.5,9.5,8.2,8.9,8.7,8.2,8.7,..
Ecuador,ECU,Poverty gap at $1.90 a day (2011 PPP) (%),SI.POV.GAPS,..,..,..,..,9.8,11.7,..,..,5.6,6.2,4.5,2.8,3.2,2.9,2.6,1.9,1.8,1.5,1,0.8,1.2,1.3,1.1,1,..
Ecuador,ECU,Poverty gap at $3.20 a day (2011 PPP) (% of population),SI.POV.LMIC.GP,..,..,..,..,18.6,22.9,..,..,12.5,13.1,10.3,7.2,7.4,6.7,6.3,5.1,4.4,4.1,3.2,2.6,3.3,3.3,2.9,3.1,..
"Egypt, Arab Rep.",EGY,Poverty gap at $5.50 a day (2011 PPP) (% of population),SI.POV.UMIC.GP,33,..,..,..,24.5,..,..,..,..,29.9,..,..,..,29.1,..,23.5,..,21.1,..,..,20,..,26.2,..,..
"Egypt, Arab Rep.",EGY,Poverty gap at $1.90 a day (2011 PPP) (%),SI.POV.GAPS,0.8,..,..,..,0.4,..,..,..,..,0.8,..,..,..,0.7,..,0.3,..,0.2,..,..,0.2,..,0.6,..,..
"Egypt, Arab Rep.",EGY,Poverty gap at $3.20 a day (2011 PPP) (% of population),SI.POV.LMIC.GP,9.7,..,..,..,5.3,..,..,..,..,8.2,..,..,..,7.4,..,4.7,..,3.5,..,..,3.4,..,6.3,..,..
El Salvador,SLV,Poverty gap at $5.50 a day (2011 PPP) (% of population),SI.POV.UMIC.GP,23.4,24.6,..,28.2,25.2,20.8,22.1,22.4,23.3,20,19.7,16.8,14.2,17.2,16.9,16,15.2,13.8,12.2,11.9,10.3,10.4,9,8.1,..
El Salvador,SLV,Poverty gap at $1.90 a day (2011 PPP) (%),SI.POV.GAPS,5.4,5.9,..,11.3,9,5.2,6.1,6.3,7.7,4.9,4.1,2,1.1,1.8,1.8,1.5,1.1,1,0.8,0.7,0.4,0.5,0.4,0.3,..
El Salvador,SLV,Poverty gap at $3.20 a day (2011 PPP) (% of population),SI.POV.LMIC.GP,11.3,12.3,..,17.5,14.5,10.5,11.6,11.8,13.1,9.7,9.2,6.4,4.6,6.4,6.2,5.6,4.9,4.2,3.5,3.4,2.5,2.8,2.2,2,..
Equatorial Guinea,GNQ,Poverty gap at $5.50 a day (2011 PPP) (% of population),SI.POV.UMIC.GP,..,..,..,..,..,..,..,..,..,..,..,..,..,..,..,..,..,..,..,..,..,..,..,..,..
Equatorial Guinea,GNQ,Poverty gap at $1.90 a day (2011 PPP) (%),SI.POV.GAPS,..,..,..,..,..,..,..,..,..,..,..,..,..,..,..,..,..,..,..,..,..,..,..,..,..
Equatorial Guinea,GNQ,Poverty gap at $3.20 a day (2011 PPP) (% of population),SI.POV.LMIC.GP,..,..,..,..,..,..,..,..,..,..,..,..,..,..,..,..,..,..,..,..,..,..,..,..,..
Eritrea,ERI,Poverty gap at $5.50 a day (2011 PPP) (% of population),SI.POV.UMIC.GP,..,..,..,..,..,..,..,..,..,..,..,..,..,..,..,..,..,..,..,..,..,..,..,..,..
Eritrea,ERI,Poverty gap at $1.90 a day (2011 PPP) (%),SI.POV.GAPS,..,..,..,..,..,..,..,..,..,..,..,..,..,..,..,..,..,..,..,..,..,..,..,..,..
Eritrea,ERI,Poverty gap at $3.20 a day (2011 PPP) (% of population),SI.POV.LMIC.GP,..,..,..,..,..,..,..,..,..,..,..,..,..,..,..,..,..,..,..,..,..,..,..,..,..
Estonia,EST,Poverty gap at $5.50 a day (2011 PPP) (% of population),SI.POV.UMIC.GP,..,..,..,..,..,..,..,..,4.7,2.8,1.8,1.3,0.9,0.8,1,1.5,1.5,1.3,1.5,1.3,0.8,0.7,0.5,..,..
Estonia,EST,Poverty gap at $1.90 a day (2011 PPP) (%),SI.POV.GAPS,..,..,..,..,..,..,..,..,1.2,0.5,0.3,0.4,0.3,0.2,0.2,0.4,0.5,0.4,0.6,0.5,0.4,0.3,0.2,..,..
Estonia,EST,Poverty gap at $3.20 a day (2011 PPP) (% of population),SI.POV.LMIC.GP,..,..,..,..,..,..,..,..,2.2,1,0.6,0.7,0.4,0.4,0.4,0.7,0.8,0.6,0.8,0.7,0.5,0.4,0.3,..,..
Eswatini,SWZ,Poverty gap at $5.50 a day (2011 PPP) (% of population),SI.POV.UMIC.GP,..,..,..,..,..,54.2,..,..,..,..,..,..,..,..,50.2,..,..,..,..,..,..,39.9,..,..,..
Eswatini,SWZ,Poverty gap at $1.90 a day (2011 PPP) (%),SI.POV.GAPS,..,..,..,..,..,18,..,..,..,..,..,..,..,..,17,..,..,..,..,..,..,9.8,..,..,..
Eswatini,SWZ,Poverty gap at $3.20 a day (2011 PPP) (% of population),SI.POV.LMIC.GP,..,..,..,..,..,35.9,..,..,..,..,..,..,..,..,32.6,..,..,..,..,..,..,22.9,..,..,..
Ethiopia,ETH,Poverty gap at $5.50 a day (2011 PPP) (% of population),SI.POV.UMIC.GP,69.6,..,..,..,66,..,..,..,..,55.9,..,..,..,..,..,53.2,..,..,..,..,50.5,..,..,..,..
Ethiopia,ETH,Poverty gap at $1.90 a day (2011 PPP) (%),SI.POV.GAPS,30.5,..,..,..,20.1,..,..,..,..,9.4,..,..,..,..,..,9.7,..,..,..,..,9.4,..,..,..,..
Ethiopia,ETH,Poverty gap at $3.20 a day (2011 PPP) (% of population),SI.POV.LMIC.GP,51.8,..,..,..,44.8,..,..,..,..,30.8,..,..,..,..,..,29.1,..,..,..,..,26.8,..,..,..,..
Fiji,FJI,Poverty gap at $5.50 a day (2011 PPP) (% of population),SI.POV.UMIC.GP,..,..,..,..,..,..,..,13.7,..,..,..,..,..,11.1,..,..,..,..,9.5,..,..,..,..,..,..
Fiji,FJI,Poverty gap at $1.90 a day (2011 PPP) (%),SI.POV.GAPS,..,..,..,..,..,..,..,0.4,..,..,..,..,..,0.2,..,..,..,..,0.1,..,..,..,..,..,..
Fiji,FJI,Poverty gap at $3.20 a day (2011 PPP) (% of population),SI.POV.LMIC.GP,..,..,..,..,..,..,..,3.3,..,..,..,..,..,2.3,..,..,..,..,1.3,..,..,..,..,..,..
Finland,FIN,Poverty gap at $5.50 a day (2011 PPP) (% of population),SI.POV.UMIC.GP,0,..,..,..,..,0,..,..,0.1,0.1,0.1,0.1,0.1,0.1,0.1,0.1,0.1,0.1,0.1,0.1,0.1,0.1,0.1,..,..
Finland,FIN,Poverty gap at $1.90 a day (2011 PPP) (%),SI.POV.GAPS,0,..,..,..,..,0,..,..,0,0,0,0.1,0,0,0,0,0,0,0.1,0,0.1,0,0.1,..,..
Finland,FIN,Poverty gap at $3.20 a day (2011 PPP) (% of population),SI.POV.LMIC.GP,0,..,..,..,..,0,..,..,0,0,0.1,0.1,0.1,0.1,0,0,0,0.1,0.1,0.1,0.1,0,0.1,..,..
France,FRA,Poverty gap at $5.50 a day (2011 PPP) (% of population),SI.POV.UMIC.GP,..,..,..,..,..,0.1,..,..,0.2,0.1,0.1,0.1,0,0,0.1,0.1,0.1,0.1,0.1,0.1,0.2,0.1,0,..,..
France,FRA,Poverty gap at $1.90 a day (2011 PPP) (%),SI.POV.GAPS,..,..,..,..,..,0,..,..,0.1,0,0,0,0,0,0,0,0,0,0,0,0.1,0.1,0,..,..
France,FRA,Poverty gap at $3.20 a day (2011 PPP) (% of population),SI.POV.LMIC.GP,..,..,..,..,..,0,..,..,0.1,0,0,0,0,0,0.1,0.1,0,0,0.1,0,0.1,0.1,0,..,..
Gabon,GAB,Poverty gap at $5.50 a day (2011 PPP) (% of population),SI.POV.UMIC.GP,..,..,..,..,..,..,..,..,..,..,22.2,..,..,..,..,..,..,..,..,..,..,..,10.8,..,..
Gabon,GAB,Poverty gap at $1.90 a day (2011 PPP) (%),SI.POV.GAPS,..,..,..,..,..,..,..,..,..,..,1.8,..,..,..,..,..,..,..,..,..,..,..,0.8,..,..
Gabon,GAB,Poverty gap at $3.20 a day (2011 PPP) (% of population),SI.POV.LMIC.GP,..,..,..,..,..,..,..,..,..,..,7.8,..,..,..,..,..,..,..,..,..,..,..,3.2,..,..
"Gambia, The",GMB,Poverty gap at $5.50 a day (2011 PPP) (% of population),SI.POV.UMIC.GP,..,..,..,70,..,..,..,..,53.8,..,..,..,..,..,..,41.3,..,..,..,..,30.5,..,..,..,..
"Gambia, The",GMB,Poverty gap at $1.90 a day (2011 PPP) (%),SI.POV.GAPS,..,..,..,36.3,..,..,..,..,17.9,..,..,..,..,..,..,7.6,..,..,..,..,2.3,..,..,..,..
"Gambia, The",GMB,Poverty gap at $3.20 a day (2011 PPP) (% of population),SI.POV.LMIC.GP,..,..,..,54.2,..,..,..,..,34.7,..,..,..,..,..,..,21,..,..,..,..,11,..,..,..,..
Georgia,GEO,Poverty gap at $5.50 a day (2011 PPP) (% of population),SI.POV.UMIC.GP,..,14.8,29.5,28.6,33.5,35.2,36.5,25.5,25.6,23.9,25.3,25.7,27,24.5,24.6,25.8,24.5,21.7,18.6,16.3,15.3,14.9,15.3,14.8,..
Georgia,GEO,Poverty gap at $1.90 a day (2011 PPP) (%),SI.POV.GAPS,..,1,5.6,5.4,6.4,6.9,6.5,3,3.2,3.1,3.2,3.1,3.4,2.9,3,3.6,3.6,2.4,1.6,1.2,0.9,0.9,1.2,1.2,..
Georgia,GEO,Poverty gap at $3.20 a day (2011 PPP) (% of population),SI.POV.LMIC.GP,..,5,13.9,13,15.9,17,17.3,9.8,10,9.3,10,9.9,10.7,9.5,9.4,10.7,10.1,8.2,6.3,5.1,4.3,4.3,4.8,4.6,..
Germany,DEU,Poverty gap at $5.50 a day (2011 PPP) (% of population),SI.POV.UMIC.GP,0.3,..,..,0.1,..,0.1,0.1,0.1,0.2,0.1,0.1,0,0,0.2,0.1,0.1,0,..,0,..,0.1,0.2,..,..,..
Germany,DEU,Poverty gap at $1.90 a day (2011 PPP) (%),SI.POV.GAPS,0.2,..,..,0,..,0,0,0,0,0,0,0,0,0.1,0,0,0,..,0,..,0,0,..,..,..
Germany,DEU,Poverty gap at $3.20 a day (2011 PPP) (% of population),SI.POV.LMIC.GP,0.2,..,..,0,..,0,0,0,0.1,0,0,0,0,0.1,0,0,0,..,0,..,0,0.1,..,..,..
Ghana,GHA,Poverty gap at $5.50 a day (2011 PPP) (% of population),SI.POV.UMIC.GP,..,..,..,47.7,..,..,..,..,..,..,38.7,..,..,..,..,..,..,25.8,..,..,..,25,..,..,..
Ghana,GHA,Poverty gap at $1.90 a day (2011 PPP) (%),SI.POV.GAPS,..,..,..,12,..,..,..,..,..,..,8,..,..,..,..,..,..,3.4,..,..,..,4.6,..,..,..
Ghana,GHA,Poverty gap at $3.20 a day (2011 PPP) (% of population),SI.POV.LMIC.GP,..,..,..,27.7,..,..,..,..,..,..,19.8,..,..,..,..,..,..,10.9,..,..,..,11.6,..,..,..
Greece,GRC,Poverty gap at $5.50 a day (2011 PPP) (% of population),SI.POV.UMIC.GP,2.2,..,..,..,..,0.9,..,..,0.7,0.9,0.6,0.8,0.8,0.5,0.7,1.3,2,2.7,2.5,2.9,2.8,2.1,1.6,..,..
Greece,GRC,Poverty gap at $1.90 a day (2011 PPP) (%),SI.POV.GAPS,1.1,..,..,..,..,0.4,..,..,0.4,0.5,0.2,0.3,0.4,0.3,0.5,0.7,0.9,0.6,0.3,0.8,0.8,0.6,0.4,..,..
Greece,GRC,Poverty gap at $3.20 a day (2011 PPP) (% of population),SI.POV.LMIC.GP,1.5,..,..,..,..,0.5,..,..,0.5,0.7,0.3,0.5,0.5,0.3,0.6,0.9,1.2,1.3,0.9,1.4,1.4,1,0.7,..,..
Guatemala,GTM,Poverty gap at $5.50 a day (2011 PPP) (% of population),SI.POV.UMIC.GP,..,..,..,23.3,..,19.1,..,..,..,..,..,19.9,..,..,..,..,..,..,..,20.5,..,..,..,..,..
Guatemala,GTM,Poverty gap at $1.90 a day (2011 PPP) (%),SI.POV.GAPS,..,..,..,5.1,..,3.3,..,..,..,..,..,3.8,..,..,..,..,..,..,..,2.6,..,..,..,..,..
Guatemala,GTM,Poverty gap at $3.20 a day (2011 PPP) (% of population),SI.POV.LMIC.GP,..,..,..,11.5,..,8.3,..,..,..,..,..,9.5,..,..,..,..,..,..,..,8.3,..,..,..,..,..
Guinea,GIN,Poverty gap at $5.50 a day (2011 PPP) (% of population),SI.POV.UMIC.GP,..,..,..,..,..,..,..,65.4,..,..,..,..,63.4,..,..,..,..,52.1,..,..,..,..,..,..,..
Guinea,GIN,Poverty gap at $1.90 a day (2011 PPP) (%),SI.POV.GAPS,..,..,..,..,..,..,..,26.9,..,..,..,..,24.1,..,..,..,..,10.6,..,..,..,..,..,..,..
Guinea,GIN,Poverty gap at $3.20 a day (2011 PPP) (% of population),SI.POV.LMIC.GP,..,..,..,..,..,..,..,46.8,..,..,..,..,44,..,..,..,..,28.9,..,..,..,..,..,..,..
Guinea-Bissau,GNB,Poverty gap at $5.50 a day (2011 PPP) (% of population),SI.POV.UMIC.GP,..,..,..,..,..,..,..,62.5,..,..,..,..,..,..,..,67.5,..,..,..,..,..,..,..,..,..
Guinea-Bissau,GNB,Poverty gap at $1.90 a day (2011 PPP) (%),SI.POV.GAPS,..,..,..,..,..,..,..,20.1,..,..,..,..,..,..,..,32,..,..,..,..,..,..,..,..,..
Guinea-Bissau,GNB,Poverty gap at $3.20 a day (2011 PPP) (% of population),SI.POV.LMIC.GP,..,..,..,..,..,..,..,41.4,..,..,..,..,..,..,..,51,..,..,..,..,..,..,..,..,..
Guyana,GUY,Poverty gap at $5.50 a day (2011 PPP) (% of population),SI.POV.UMIC.GP,..,..,..,21.6,..,..,..,..,..,..,..,..,..,..,..,..,..,..,..,..,..,..,..,..,..
Guyana,GUY,Poverty gap at $1.90 a day (2011 PPP) (%),SI.POV.GAPS,..,..,..,4,..,..,..,..,..,..,..,..,..,..,..,..,..,..,..,..,..,..,..,..,..
Guyana,GUY,Poverty gap at $3.20 a day (2011 PPP) (% of population),SI.POV.LMIC.GP,..,..,..,9.8,..,..,..,..,..,..,..,..,..,..,..,..,..,..,..,..,..,..,..,..,..
Haiti,HTI,Poverty gap at $5.50 a day (2011 PPP) (% of population),SI.POV.UMIC.GP,..,..,..,..,..,..,..,..,..,..,..,..,..,..,..,..,..,39.4,..,..,..,..,..,..,..
Haiti,HTI,Poverty gap at $1.90 a day (2011 PPP) (%),SI.POV.GAPS,..,..,..,..,..,..,..,..,..,..,..,..,..,..,..,..,..,8,..,..,..,..,..,..,..
Haiti,HTI,Poverty gap at $3.20 a day (2011 PPP) (% of population),SI.POV.LMIC.GP,..,..,..,..,..,..,..,..,..,..,..,..,..,..,..,..,..,20,..,..,..,..,..,..,..
Honduras,HND,Poverty gap at $5.50 a day (2011 PPP) (% of population),SI.POV.UMIC.GP,38.6,41.2,32.7,35.7,36.4,..,29.5,32.9,36.8,35.9,34.8,30.6,26.7,25.3,22.6,24.4,26.6,29.7,27.6,26.3,26.6,27.1,26.4,25.2,..
Honduras,HND,Poverty gap at $1.90 a day (2011 PPP) (%),SI.POV.GAPS,11.4,13.7,8,13.3,13.2,..,9.2,10.3,12.9,12.3,13.3,10.8,6.7,6.8,4.9,5.5,7.2,8.3,6.8,5.6,5.8,7.5,6.9,6.8,..
Honduras,HND,Poverty gap at $3.20 a day (2011 PPP) (% of population),SI.POV.LMIC.GP,22.7,25.3,17.6,22.2,22.3,..,17.4,19.4,22.9,22.2,22,18.7,14.3,13.8,11.5,12.5,14.5,16.5,14.6,13.5,13.6,15,14.3,13.7,..
Hungary,HUN,Poverty gap at $5.50 a day (2011 PPP) (% of population),SI.POV.UMIC.GP,..,..,..,..,..,..,..,..,..,0.6,1.4,0.4,0.4,0.3,0.3,0.4,0.5,1,0.9,1.2,1.1,1.5,1.2,..,..
Hungary,HUN,Poverty gap at $1.90 a day (2011 PPP) (%),SI.POV.GAPS,..,..,..,..,..,..,..,..,..,0.1,0.3,0.1,0,0,0,0,0,0.2,0,0.4,0.3,0.7,0.3,..,..
Hungary,HUN,Poverty gap at $3.20 a day (2011 PPP) (% of population),SI.POV.LMIC.GP,..,..,..,..,..,..,..,..,..,0.1,0.6,0.1,0.1,0,0.1,0.1,0.1,0.3,0.1,0.6,0.5,1.1,0.6,..,..
Iceland,ISL,Poverty gap at $5.50 a day (2011 PPP) (% of population),SI.POV.UMIC.GP,..,..,..,..,..,..,..,..,0.1,0.2,0.1,0.2,0.1,0.1,0.1,0.2,0.2,0.1,0.1,0,0,..,..,..,..
Iceland,ISL,Poverty gap at $1.90 a day (2011 PPP) (%),SI.POV.GAPS,..,..,..,..,..,..,..,..,0,0.1,0,0.1,0,0,0.1,0.1,0.1,0,0,0,0,..,..,..,..
Iceland,ISL,Poverty gap at $3.20 a day (2011 PPP) (% of population),SI.POV.LMIC.GP,..,..,..,..,..,..,..,..,0,0.1,0,0.1,0,0.1,0.1,0.1,0.1,0,0.1,0,0,..,..,..,..
India,IND,Poverty gap at $5.50 a day (2011 PPP) (% of population),SI.POV.UMIC.GP,..,..,..,..,..,..,..,..,..,54.1,..,..,..,..,50.5,..,44.4,..,..,..,..,..,..,..,..
India,IND,Poverty gap at $1.90 a day (2011 PPP) (%),SI.POV.GAPS,..,..,..,..,..,..,..,..,..,9.8,..,..,..,..,7.5,..,4.6,..,..,..,..,..,..,..,..
India,IND,Poverty gap at $3.20 a day (2011 PPP) (% of population),SI.POV.LMIC.GP,..,..,..,..,..,..,..,..,..,30.7,..,..,..,..,26.7,..,20.6,..,..,..,..,..,..,..,..
Indonesia,IDN,Poverty gap at $5.50 a day (2011 PPP) (% of population),SI.POV.UMIC.GP,..,55.6,..,65.2,54.4,53.9,52,43.8,42.8,43.3,41.6,45,40.5,39.9,38.1,34,31.8,30.8,28.9,27.1,25,23,21,19.2,..
Indonesia,IDN,Poverty gap at $1.90 a day (2011 PPP) (%),SI.POV.GAPS,..,11.4,..,20.3,8.6,7.7,6.4,3.3,3.5,4.4,3.5,5.4,3.9,3.6,2.9,2.3,1.8,1.4,1.1,0.9,0.9,0.8,0.6,0.5,..
Indonesia,IDN,Poverty gap at $3.20 a day (2011 PPP) (% of population),SI.POV.LMIC.GP,..,32.6,..,44.2,29.8,28.7,26.6,19,18.7,19.5,17.8,21.3,18,17.3,15.6,13.6,12.2,11.2,9.9,8.9,7.8,7.2,6.1,5.1,..
"Iran, Islamic Rep.",IRN,Poverty gap at $5.50 a day (2011 PPP) (% of population),SI.POV.UMIC.GP,..,..,..,13.1,..,..,..,..,..,..,4.4,4.6,..,..,4.6,..,..,..,2.3,3.3,3.4,3.6,3.4,..,..
"Iran, Islamic Rep.",IRN,Poverty gap at $1.90 a day (2011 PPP) (%),SI.POV.GAPS,..,..,..,0.6,..,..,..,..,..,..,0.1,0.1,..,..,0.3,..,..,..,0,0.1,0.1,0.1,0.1,..,..
"Iran, Islamic Rep.",IRN,Poverty gap at $3.20 a day (2011 PPP) (% of population),SI.POV.LMIC.GP,..,..,..,4,..,..,..,..,..,..,0.9,0.8,..,..,1.2,..,..,..,0.3,0.7,0.6,0.7,0.6,..,..
Iraq,IRQ,Poverty gap at $5.50 a day (2011 PPP) (% of population),SI.POV.UMIC.GP,..,..,..,..,..,..,..,..,..,..,..,17.2,..,..,..,..,..,15.8,..,..,..,..,..,..,..
Iraq,IRQ,Poverty gap at $1.90 a day (2011 PPP) (%),SI.POV.GAPS,..,..,..,..,..,..,..,..,..,..,..,0.2,..,..,..,..,..,0.3,..,..,..,..,..,..,..
Iraq,IRQ,Poverty gap at $3.20 a day (2011 PPP) (% of population),SI.POV.LMIC.GP,..,..,..,..,..,..,..,..,..,..,..,3,..,..,..,..,..,3,..,..,..,..,..,..,..
Ireland,IRL,Poverty gap at $5.50 a day (2011 PPP) (% of population),SI.POV.UMIC.GP,0.4,0.2,..,..,..,0.2,..,..,0.2,0.1,0.1,0.3,0.1,0.3,0.6,0.7,0.7,0.5,0.8,0.5,0.4,0.3,..,..,..
Ireland,IRL,Poverty gap at $1.90 a day (2011 PPP) (%),SI.POV.GAPS,0.1,0.1,..,..,..,0,..,..,0.1,0,0,0.1,0,0.1,0.4,0.3,0.4,0.1,0.5,0.3,0.3,0.1,..,..,..
Ireland,IRL,Poverty gap at $3.20 a day (2011 PPP) (% of population),SI.POV.LMIC.GP,0.2,0.1,..,..,..,0.1,..,..,0.1,0,0,0.2,0.1,0.2,0.4,0.5,0.5,0.3,0.6,0.4,0.3,0.2,..,..,..
Israel,ISR,Poverty gap at $5.50 a day (2011 PPP) (% of population),SI.POV.UMIC.GP,..,..,0.9,..,..,..,0.6,..,..,..,1.6,..,1.3,..,..,1.1,..,1.3,..,1,..,0.8,..,..,..
Israel,ISR,Poverty gap at $1.90 a day (2011 PPP) (%),SI.POV.GAPS,..,..,0.2,..,..,..,0,..,..,..,0.3,..,0.2,..,..,0.1,..,0.3,..,0.2,..,0,..,..,..
Israel,ISR,Poverty gap at $3.20 a day (2011 PPP) (% of population),SI.POV.LMIC.GP,..,..,0.3,..,..,..,0.2,..,..,..,0.5,..,0.3,..,..,0.3,..,0.5,..,0.3,..,0.2,..,..,..
Italy,ITA,Poverty gap at $5.50 a day (2011 PPP) (% of population),SI.POV.UMIC.GP,1.2,..,..,2.2,..,1.7,..,..,1,0.9,0.9,0.9,0.9,0.9,1.1,1.5,1.4,1.6,1.8,1.6,2.3,2,1.8,..,..
Italy,ITA,Poverty gap at $1.90 a day (2011 PPP) (%),SI.POV.GAPS,0.5,..,..,1.4,..,1.1,..,..,0.5,0.5,0.5,0.5,0.5,0.5,0.6,0.9,0.9,0.8,1.1,0.9,1.4,1.2,1.1,..,..
Italy,ITA,Poverty gap at $3.20 a day (2011 PPP) (% of population),SI.POV.LMIC.GP,0.7,..,..,1.6,..,1.2,..,..,0.7,0.6,0.6,0.6,0.7,0.7,0.8,1.1,1.1,1.1,1.3,1.1,1.7,1.5,1.3,..,..
Jamaica,JAM,Poverty gap at $5.50 a day (2011 PPP) (% of population),SI.POV.UMIC.GP,..,14.5,..,..,10,..,..,11.2,..,9.2,..,..,..,..,..,..,..,..,..,..,..,..,..,..,..
Jamaica,JAM,Poverty gap at $1.90 a day (2011 PPP) (%),SI.POV.GAPS,..,0.8,..,..,0.7,..,..,0.7,..,0.4,..,..,..,..,..,..,..,..,..,..,..,..,..,..,..
Jamaica,JAM,Poverty gap at $3.20 a day (2011 PPP) (% of population),SI.POV.LMIC.GP,..,3.7,..,..,2.9,..,..,3.1,..,2.2,..,..,..,..,..,..,..,..,..,..,..,..,..,..,..
Japan,JPN,Poverty gap at $5.50 a day (2011 PPP) (% of population),SI.POV.UMIC.GP,..,..,..,..,..,..,..,..,..,..,..,..,..,0.7,..,0.2,..,..,0.7,..,..,..,..,..,..
Japan,JPN,Poverty gap at $1.90 a day (2011 PPP) (%),SI.POV.GAPS,..,..,..,..,..,..,..,..,..,..,..,..,..,0.2,..,0,..,..,0.2,..,..,..,..,..,..
Japan,JPN,Poverty gap at $3.20 a day (2011 PPP) (% of population),SI.POV.LMIC.GP,..,..,..,..,..,..,..,..,..,..,..,..,..,0.3,..,0.1,..,..,0.4,..,..,..,..,..,..
Jordan,JOR,Poverty gap at $5.50 a day (2011 PPP) (% of population),SI.POV.UMIC.GP,..,..,14,..,..,..,..,10,..,..,..,5.8,..,5,..,3.6,..,..,..,..,..,..,..,..,..
Jordan,JOR,Poverty gap at $1.90 a day (2011 PPP) (%),SI.POV.GAPS,..,..,0.3,..,..,..,..,0.1,..,..,..,0,..,0,..,0,..,..,..,..,..,..,..,..,..
Jordan,JOR,Poverty gap at $3.20 a day (2011 PPP) (% of population),SI.POV.LMIC.GP,..,..,2.7,..,..,..,..,1.7,..,..,..,0.7,..,0.4,..,0.3,..,..,..,..,..,..,..,..,..
Kazakhstan,KAZ,Poverty gap at $5.50 a day (2011 PPP) (% of population),SI.POV.UMIC.GP,..,19.5,..,..,..,..,24.7,21.8,18.4,14.8,18.7,7.2,4.3,3.5,3.8,2.7,1.2,1.1,0.7,0.8,0.9,1.6,1,..,..
Kazakhstan,KAZ,Poverty gap at $1.90 a day (2011 PPP) (%),SI.POV.GAPS,..,1.5,..,..,..,..,2.2,1.1,0.7,0.3,1.3,0.1,0,0,0,0,0,0,0,0,0,0,0,..,..
Kazakhstan,KAZ,Poverty gap at $3.20 a day (2011 PPP) (% of population),SI.POV.LMIC.GP,..,6.1,..,..,..,..,8.9,6.6,4.9,2.9,6.2,0.9,0.4,0.3,0.3,0.2,0.1,0.1,0,0,0,0.1,0.1,..,..
Kenya,KEN,Poverty gap at $5.50 a day (2011 PPP) (% of population),SI.POV.UMIC.GP,..,..,45.4,..,..,..,..,..,..,..,53.3,..,..,..,..,..,..,..,..,..,49.4,..,..,..,..
Kenya,KEN,Poverty gap at $1.90 a day (2011 PPP) (%),SI.POV.GAPS,..,..,9.9,..,..,..,..,..,..,..,16.4,..,..,..,..,..,..,..,..,..,11.7,..,..,..,..
Kenya,KEN,Poverty gap at $3.20 a day (2011 PPP) (% of population),SI.POV.LMIC.GP,..,..,25,..,..,..,..,..,..,..,33.5,..,..,..,..,..,..,..,..,..,28.6,..,..,..,..
Kiribati,KIR,Poverty gap at $5.50 a day (2011 PPP) (% of population),SI.POV.UMIC.GP,..,..,..,..,..,..,..,..,..,..,..,29.1,..,..,..,..,..,..,..,..,..,..,..,..,..
Kiribati,KIR,Poverty gap at $1.90 a day (2011 PPP) (%),SI.POV.GAPS,..,..,..,..,..,..,..,..,..,..,..,3.3,..,..,..,..,..,..,..,..,..,..,..,..,..
Kiribati,KIR,Poverty gap at $3.20 a day (2011 PPP) (% of population),SI.POV.LMIC.GP,..,..,..,..,..,..,..,..,..,..,..,11.3,..,..,..,..,..,..,..,..,..,..,..,..,..
"Korea, Rep.",KOR,Poverty gap at $5.50 a day (2011 PPP) (% of population),SI.POV.UMIC.GP,..,..,..,..,..,..,..,..,..,..,..,0.5,..,0.5,..,0.6,..,0.5,..,..,..,..,..,..,..
"Korea, Rep.",KOR,Poverty gap at $1.90 a day (2011 PPP) (%),SI.POV.GAPS,..,..,..,..,..,..,..,..,..,..,..,0.2,..,0.2,..,0.2,..,0.1,..,..,..,..,..,..,..
"Korea, Rep.",KOR,Poverty gap at $3.20 a day (2011 PPP) (% of population),SI.POV.LMIC.GP,..,..,..,..,..,..,..,..,..,..,..,0.3,..,0.3,..,0.3,..,0.2,..,..,..,..,..,..,..
Kosovo,XKX,Poverty gap at $5.50 a day (2011 PPP) (% of population),SI.POV.UMIC.GP,..,..,..,..,..,..,..,..,18.9,..,19.6,19.4,..,..,15.5,15.6,12.6,8.2,6.1,7.2,5.7,5.6,5.6,..,..
Kosovo,XKX,Poverty gap at $1.90 a day (2011 PPP) (%),SI.POV.GAPS,..,..,..,..,..,..,..,..,0.2,..,0.8,0.5,..,..,0.5,0.4,0.2,0.1,0.1,0.2,0.1,0.1,0.2,..,..
Kosovo,XKX,Poverty gap at $3.20 a day (2011 PPP) (% of population),SI.POV.LMIC.GP,..,..,..,..,..,..,..,..,3.7,..,4.9,4.5,..,..,3.6,3.4,2.3,1.2,0.7,1.2,0.8,0.8,0.7,..,..
Kyrgyz Republic,KGZ,Poverty gap at $5.50 a day (2011 PPP) (% of population),SI.POV.UMIC.GP,..,..,..,39.7,..,52.4,49.7,48.7,46.2,31.7,35.2,27,26.3,19.6,17.7,19.6,18.2,19.2,21.1,17.7,19.8,17.6,17.6,15.2,..
Kyrgyz Republic,KGZ,Poverty gap at $1.90 a day (2011 PPP) (%),SI.POV.GAPS,..,..,..,10.3,..,9.2,7.4,6.9,4.7,2.1,2.2,1.3,1.5,0.5,0.2,0.9,0.1,0.6,0.3,0.2,0.3,0.2,0.2,0.1,..
Kyrgyz Republic,KGZ,Poverty gap at $3.20 a day (2011 PPP) (% of population),SI.POV.LMIC.GP,..,..,..,22.1,..,28.9,25.6,24.6,21.4,11.7,13.1,8.9,8.5,4.6,3,4.5,2.9,3.5,4.2,2.4,3.5,2.4,2.5,1.8,..
Lao PDR,LAO,Poverty gap at $5.50 a day (2011 PPP) (% of population),SI.POV.UMIC.GP,..,..,59.2,..,..,..,..,50.3,..,..,..,..,45.9,..,..,..,..,41.9,..,..,..,..,..,..,..
Lao PDR,LAO,Poverty gap at $1.90 a day (2011 PPP) (%),SI.POV.GAPS,..,..,14.9,..,..,..,..,7.4,..,..,..,..,5.8,..,..,..,..,4.9,..,..,..,..,..,..,..
Lao PDR,LAO,Poverty gap at $3.20 a day (2011 PPP) (% of population),SI.POV.LMIC.GP,..,..,37.2,..,..,..,..,26.2,..,..,..,..,22.4,..,..,..,..,19.1,..,..,..,..,..,..,..
Latvia,LVA,Poverty gap at $5.50 a day (2011 PPP) (% of population),SI.POV.UMIC.GP,..,..,..,..,..,..,..,..,..,5.4,5,2.7,1.6,2.2,3.6,3.6,2.9,2.6,2.4,1.9,1.5,1.3,1.3,..,..
Latvia,LVA,Poverty gap at $1.90 a day (2011 PPP) (%),SI.POV.GAPS,..,..,..,..,..,..,..,..,..,1.2,1.2,0.8,0.3,0.5,0.9,0.7,0.5,0.5,0.6,0.4,0.4,0.3,0.3,..,..
Latvia,LVA,Poverty gap at $3.20 a day (2011 PPP) (% of population),SI.POV.LMIC.GP,..,..,..,..,..,..,..,..,..,2.3,2.1,1.3,0.6,1,1.6,1.5,1,1,1.1,0.7,0.7,0.6,0.6,..,..
Lebanon,LBN,Poverty gap at $5.50 a day (2011 PPP) (% of population),SI.POV.UMIC.GP,..,..,..,..,..,..,..,..,..,..,..,..,..,..,..,..,0.2,..,..,..,..,..,..,..,..
Lebanon,LBN,Poverty gap at $1.90 a day (2011 PPP) (%),SI.POV.GAPS,..,..,..,..,..,..,..,..,..,..,..,..,..,..,..,..,0,..,..,..,..,..,..,..,..
Lebanon,LBN,Poverty gap at $3.20 a day (2011 PPP) (% of population),SI.POV.LMIC.GP,..,..,..,..,..,..,..,..,..,..,..,..,..,..,..,..,0,..,..,..,..,..,..,..,..
Lesotho,LSO,Poverty gap at $5.50 a day (2011 PPP) (% of population),SI.POV.UMIC.GP,..,..,..,..,..,..,..,64.9,..,..,..,..,..,..,..,..,..,..,..,..,..,..,39,..,..
Lesotho,LSO,Poverty gap at $1.90 a day (2011 PPP) (%),SI.POV.GAPS,..,..,..,..,..,..,..,32.5,..,..,..,..,..,..,..,..,..,..,..,..,..,..,9.6,..,..
Lesotho,LSO,Poverty gap at $3.20 a day (2011 PPP) (% of population),SI.POV.LMIC.GP,..,..,..,..,..,..,..,48.7,..,..,..,..,..,..,..,..,..,..,..,..,..,..,21.9,..,..
Liberia,LBR,Poverty gap at $5.50 a day (2011 PPP) (% of population),SI.POV.UMIC.GP,..,..,..,..,..,..,..,..,..,..,..,..,70.1,..,..,..,..,..,..,55.8,..,55.9,..,..,..
Liberia,LBR,Poverty gap at $1.90 a day (2011 PPP) (%),SI.POV.GAPS,..,..,..,..,..,..,..,..,..,..,..,..,30.3,..,..,..,..,..,..,13.1,..,14.5,..,..,..
Liberia,LBR,Poverty gap at $3.20 a day (2011 PPP) (% of population),SI.POV.LMIC.GP,..,..,..,..,..,..,..,..,..,..,..,..,52,..,..,..,..,..,..,33,..,33.9,..,..,..
Lithuania,LTU,Poverty gap at $5.50 a day (2011 PPP) (% of population),SI.POV.UMIC.GP,..,..,..,..,..,..,..,..,..,6.8,4.4,2.6,1.9,2.1,3.8,3.1,1.7,2,1.8,2.2,1.5,1.9,1.7,..,..
Lithuania,LTU,Poverty gap at $1.90 a day (2011 PPP) (%),SI.POV.GAPS,..,..,..,..,..,..,..,..,..,1.3,0.9,0.7,0.8,0.9,1.2,1,0.5,0.7,0.5,0.7,0.5,0.7,0.8,..,..
Lithuania,LTU,Poverty gap at $3.20 a day (2011 PPP) (% of population),SI.POV.LMIC.GP,..,..,..,..,..,..,..,..,..,2.6,1.8,1.3,1.1,1.3,1.9,1.5,0.7,0.9,0.8,1.2,0.8,1.1,1,..,..
Luxembourg,LUX,Poverty gap at $5.50 a day (2011 PPP) (% of population),SI.POV.UMIC.GP,..,..,0,..,..,0,..,..,0.1,0,0.1,0,0,0,0.1,0,0.1,0.1,0.1,0.2,0.3,0.1,0.3,..,..
Luxembourg,LUX,Poverty gap at $1.90 a day (2011 PPP) (%),SI.POV.GAPS,..,..,0,..,..,0,..,..,0,0,0,0,0,0,0,0,0,0,0.1,0.1,0.2,0.1,0.2,..,..
Luxembourg,LUX,Poverty gap at $3.20 a day (2011 PPP) (% of population),SI.POV.LMIC.GP,..,..,0,..,..,0,..,..,0.1,0,0,0,0,0,0,0,0.1,0,0.1,0.1,0.3,0.1,0.2,..,..
Madagascar,MDG,Poverty gap at $5.50 a day (2011 PPP) (% of population),SI.POV.UMIC.GP,..,..,67.5,..,66.4,..,68,..,..,..,69.3,..,..,..,..,73.2,..,73.2,..,..,..,..,..,..,..
Madagascar,MDG,Poverty gap at $1.90 a day (2011 PPP) (%),SI.POV.GAPS,..,..,28.5,..,27.5,..,34.1,..,..,..,30.4,..,..,..,..,37.9,..,38.7,..,..,..,..,..,..,..
Madagascar,MDG,Poverty gap at $3.20 a day (2011 PPP) (% of population),SI.POV.LMIC.GP,..,..,49,..,47.6,..,52,..,..,..,51.5,..,..,..,..,57.5,..,57.7,..,..,..,..,..,..,..
Malawi,MWI,Poverty gap at $5.50 a day (2011 PPP) (% of population),SI.POV.UMIC.GP,..,..,64.6,..,..,..,..,..,..,70.5,..,..,..,..,..,70.5,..,..,..,..,..,69.1,..,..,..
Malawi,MWI,Poverty gap at $1.90 a day (2011 PPP) (%),SI.POV.GAPS,..,..,25,..,..,..,..,..,..,31.8,..,..,..,..,..,34.3,..,..,..,..,..,29.8,..,..,..
Malawi,MWI,Poverty gap at $3.20 a day (2011 PPP) (% of population),SI.POV.LMIC.GP,..,..,45.9,..,..,..,..,..,..,53.1,..,..,..,..,..,53.9,..,..,..,..,..,51.1,..,..,..
Malaysia,MYS,Poverty gap at $5.50 a day (2011 PPP) (% of population),SI.POV.UMIC.GP,10,..,6.6,..,..,..,..,..,..,3.2,..,..,4,4.8,..,..,2,..,0.8,..,0.5,..,..,..,..
Malaysia,MYS,Poverty gap at $1.90 a day (2011 PPP) (%),SI.POV.GAPS,0.2,..,0,..,..,..,..,..,..,0.1,..,..,0.1,0.1,..,..,0,..,0,..,0,..,..,..,..
Malaysia,MYS,Poverty gap at $3.20 a day (2011 PPP) (% of population),SI.POV.LMIC.GP,2.7,..,1.4,..,..,..,..,..,..,0.6,..,..,0.8,0.9,..,..,0.2,..,0.1,..,0,..,..,..,..
Maldives,MDV,Poverty gap at $5.50 a day (2011 PPP) (% of population),SI.POV.UMIC.GP,..,..,..,..,..,..,..,23,..,..,..,..,..,..,15,..,..,..,..,..,..,0.5,..,..,..
Maldives,MDV,Poverty gap at $1.90 a day (2011 PPP) (%),SI.POV.GAPS,..,..,..,..,..,..,..,1.4,..,..,..,..,..,..,0.7,..,..,..,..,..,..,0,..,..,..
Maldives,MDV,Poverty gap at $3.20 a day (2011 PPP) (% of population),SI.POV.LMIC.GP,..,..,..,..,..,..,..,6.6,..,..,..,..,..,..,4.4,..,..,..,..,..,..,0,..,..,..
Mali,MLI,Poverty gap at $5.50 a day (2011 PPP) (% of population),SI.POV.UMIC.GP,..,..,..,..,..,..,62.5,..,..,..,..,58.4,..,..,58.7,..,..,..,..,..,..,..,..,..,..
Mali,MLI,Poverty gap at $1.90 a day (2011 PPP) (%),SI.POV.GAPS,..,..,..,..,..,..,23.5,..,..,..,..,18.1,..,..,15.8,..,..,..,..,..,..,..,..,..,..
Mali,MLI,Poverty gap at $3.20 a day (2011 PPP) (% of population),SI.POV.LMIC.GP,..,..,..,..,..,..,42.9,..,..,..,..,37.9,..,..,36.7,..,..,..,..,..,..,..,..,..,..
Malta,MLT,Poverty gap at $5.50 a day (2011 PPP) (% of population),SI.POV.UMIC.GP,..,..,..,..,..,..,..,..,..,..,..,0.5,0.5,0.2,0.5,0.2,0.3,0.2,0.1,0,0.1,0.1,0.2,..,..
Malta,MLT,Poverty gap at $1.90 a day (2011 PPP) (%),SI.POV.GAPS,..,..,..,..,..,..,..,..,..,..,..,0.2,0.2,0.1,0.2,0.1,0.1,0,0,0,0.1,0.1,0.1,..,..
Malta,MLT,Poverty gap at $3.20 a day (2011 PPP) (% of population),SI.POV.LMIC.GP,..,..,..,..,..,..,..,..,..,..,..,0.3,0.3,0.1,0.3,0.2,0.2,0.1,0,0,0.1,0.1,0.1,..,..
Mauritania,MRT,Poverty gap at $5.50 a day (2011 PPP) (% of population),SI.POV.UMIC.GP,38.2,..,..,..,..,35.5,..,..,..,33.7,..,..,..,27.4,..,..,..,..,..,21.6,..,..,..,..,..
Mauritania,MRT,Poverty gap at $1.90 a day (2011 PPP) (%),SI.POV.GAPS,6.1,..,..,..,..,5.3,..,..,..,3.6,..,..,..,2.7,..,..,..,..,..,1.4,..,..,..,..,..
Mauritania,MRT,Poverty gap at $3.20 a day (2011 PPP) (% of population),SI.POV.LMIC.GP,18.1,..,..,..,..,16.5,..,..,..,13.8,..,..,..,10.7,..,..,..,..,..,6.7,..,..,..,..,..
Mauritius,MUS,Poverty gap at $5.50 a day (2011 PPP) (% of population),SI.POV.UMIC.GP,..,..,..,..,..,..,..,..,..,..,..,5.1,..,..,..,..,..,4.3,..,..,..,..,2.9,..,..
Mauritius,MUS,Poverty gap at $1.90 a day (2011 PPP) (%),SI.POV.GAPS,..,..,..,..,..,..,..,..,..,..,..,0.1,..,..,..,..,..,0.1,..,..,..,..,0,..,..
Mauritius,MUS,Poverty gap at $3.20 a day (2011 PPP) (% of population),SI.POV.LMIC.GP,..,..,..,..,..,..,..,..,..,..,..,0.7,..,..,..,..,..,0.7,..,..,..,..,0.4,..,..
Mexico,MEX,Poverty gap at $5.50 a day (2011 PPP) (% of population),SI.POV.UMIC.GP,..,31.5,..,25.5,..,18.3,..,16.2,..,14.2,14.4,11.9,..,12.8,..,12,..,11.3,..,11.4,..,8.1,..,6.9,..
Mexico,MEX,Poverty gap at $1.90 a day (2011 PPP) (%),SI.POV.GAPS,..,9,..,6.1,..,2.9,..,2.1,..,2,2.2,1.2,..,1.7,..,1.6,..,1.2,..,1.1,..,0.6,..,0.5,..
Mexico,MEX,Poverty gap at $3.20 a day (2011 PPP) (% of population),SI.POV.LMIC.GP,..,17.4,..,13.1,..,7.7,..,6.3,..,5.4,5.7,4,..,4.9,..,4.3,..,3.7,..,3.7,..,2.2,..,1.8,..
"Micronesia, Fed. Sts.",FSM,Poverty gap at $5.50 a day (2011 PPP) (% of population),SI.POV.UMIC.GP,..,..,..,..,..,..,..,..,..,..,20.7,..,..,..,..,..,..,..,31.6,..,..,..,..,..,..
"Micronesia, Fed. Sts.",FSM,Poverty gap at $1.90 a day (2011 PPP) (%),SI.POV.GAPS,..,..,..,..,..,..,..,..,..,..,1.6,..,..,..,..,..,..,..,5.5,..,..,..,..,..,..
"Micronesia, Fed. Sts.",FSM,Poverty gap at $3.20 a day (2011 PPP) (% of population),SI.POV.LMIC.GP,..,..,..,..,..,..,..,..,..,..,7.6,..,..,..,..,..,..,..,14.2,..,..,..,..,..,..
Moldova,MDA,Poverty gap at $5.50 a day (2011 PPP) (% of population),SI.POV.UMIC.GP,..,..,33.8,43.3,51,50.5,44.3,34.1,26.4,27,32,12.6,8.9,9.4,8.8,7.2,5.9,5.3,3.9,3.4,2.9,2.9,2.9,2.2,..
Moldova,MDA,Poverty gap at $1.90 a day (2011 PPP) (%),SI.POV.GAPS,..,..,4.6,8.8,12.3,10.7,7.7,3.8,1.4,1.8,3.2,0.6,0.3,0.2,0.1,0.1,0,0,0,0,0,0,0,0,..
Moldova,MDA,Poverty gap at $3.20 a day (2011 PPP) (% of population),SI.POV.LMIC.GP,..,..,14.5,22.6,29.9,28.1,22.6,14.5,8.4,9.2,12.7,3,1.7,1.9,1.6,1,0.7,0.6,0.3,0.1,0.2,0.2,0.1,0.1,..
Mongolia,MNG,Poverty gap at $5.50 a day (2011 PPP) (% of population),SI.POV.UMIC.GP,29.3,..,..,45,..,..,..,26.9,..,..,..,..,12.1,..,..,10.7,8.5,5.8,..,4.3,..,8.1,..,7,..
Mongolia,MNG,Poverty gap at $1.90 a day (2011 PPP) (%),SI.POV.GAPS,2.5,..,..,7.2,..,..,..,2,..,..,..,..,0.2,..,..,0.1,0.1,0.1,..,0,..,0.1,..,0.1,..
Mongolia,MNG,Poverty gap at $3.20 a day (2011 PPP) (% of population),SI.POV.LMIC.GP,11.1,..,..,21.3,..,..,..,9.4,..,..,..,..,2.3,..,..,1.8,1.2,0.7,..,0.5,..,1.2,..,1,..
Montenegro,MNE,Poverty gap at $5.50 a day (2011 PPP) (% of population),SI.POV.UMIC.GP,..,..,..,..,..,..,..,..,..,..,..,..,..,..,..,..,..,9.2,7.4,7.3,6.8,..,..,..,..
Montenegro,MNE,Poverty gap at $1.90 a day (2011 PPP) (%),SI.POV.GAPS,..,..,..,..,..,..,..,..,..,..,..,..,..,..,..,..,..,1.3,1,0.4,0.3,..,..,..,..
Montenegro,MNE,Poverty gap at $3.20 a day (2011 PPP) (% of population),SI.POV.LMIC.GP,..,..,..,..,..,..,..,..,..,..,..,..,..,..,..,..,..,3.5,2.9,2.3,2.1,..,..,..,..
Morocco,MAR,Poverty gap at $5.50 a day (2011 PPP) (% of population),SI.POV.UMIC.GP,..,..,..,22.7,..,22.6,..,..,..,..,..,15.7,..,..,..,..,..,..,8.4,..,..,..,..,..,..
Morocco,MAR,Poverty gap at $1.90 a day (2011 PPP) (%),SI.POV.GAPS,..,..,..,1.2,..,1.2,..,..,..,..,..,0.6,..,..,..,..,..,..,0.2,..,..,..,..,..,..
Morocco,MAR,Poverty gap at $3.20 a day (2011 PPP) (% of population),SI.POV.LMIC.GP,..,..,..,7.5,..,7.1,..,..,..,..,..,3.9,..,..,..,..,..,..,1.5,..,..,..,..,..,..
Mozambique,MOZ,Poverty gap at $5.50 a day (2011 PPP) (% of population),SI.POV.UMIC.GP,..,77.3,..,..,..,..,..,74.6,..,..,..,..,..,69.4,..,..,..,..,..,64.4,..,..,..,..,..
Mozambique,MOZ,Poverty gap at $1.90 a day (2011 PPP) (%),SI.POV.GAPS,..,49.3,..,..,..,..,..,41,..,..,..,..,..,32.1,..,..,..,..,..,28.6,..,..,..,..,..
Mozambique,MOZ,Poverty gap at $3.20 a day (2011 PPP) (% of population),SI.POV.LMIC.GP,..,64.9,..,..,..,..,..,59.9,..,..,..,..,..,52.1,..,..,..,..,..,47.3,..,..,..,..,..
Myanmar,MMR,Poverty gap at $5.50 a day (2011 PPP) (% of population),SI.POV.UMIC.GP,..,..,..,..,..,..,..,..,..,..,..,..,..,..,..,..,..,..,..,..,22.5,..,16.2,..,..
Myanmar,MMR,Poverty gap at $1.90 a day (2011 PPP) (%),SI.POV.GAPS,..,..,..,..,..,..,..,..,..,..,..,..,..,..,..,..,..,..,..,..,1.1,..,0.2,..,..
Myanmar,MMR,Poverty gap at $3.20 a day (2011 PPP) (% of population),SI.POV.LMIC.GP,..,..,..,..,..,..,..,..,..,..,..,..,..,..,..,..,..,..,..,..,6.1,..,2.9,..,..
Namibia,NAM,Poverty gap at $5.50 a day (2011 PPP) (% of population),SI.POV.UMIC.GP,..,..,..,..,..,..,..,..,42.5,..,..,..,..,..,36.1,..,..,..,..,..,24.3,..,..,..,..
Namibia,NAM,Poverty gap at $1.90 a day (2011 PPP) (%),SI.POV.GAPS,..,..,..,..,..,..,..,..,10.6,..,..,..,..,..,7,..,..,..,..,..,4.8,..,..,..,..
Namibia,NAM,Poverty gap at $3.20 a day (2011 PPP) (% of population),SI.POV.LMIC.GP,..,..,..,..,..,..,..,..,25.1,..,..,..,..,..,19.2,..,..,..,..,..,11.9,..,..,..,..
Nepal,NPL,Poverty gap at $5.50 a day (2011 PPP) (% of population),SI.POV.UMIC.GP,66.3,..,..,..,..,..,..,..,57.3,..,..,..,..,..,..,38.5,..,..,..,..,..,..,..,..,..
Nepal,NPL,Poverty gap at $1.90 a day (2011 PPP) (%),SI.POV.GAPS,23.7,..,..,..,..,..,..,..,16.5,..,..,..,..,..,..,3,..,..,..,..,..,..,..,..,..
Nepal,NPL,Poverty gap at $3.20 a day (2011 PPP) (% of population),SI.POV.LMIC.GP,46.5,..,..,..,..,..,..,..,36.6,..,..,..,..,..,..,15.8,..,..,..,..,..,..,..,..,..
Netherlands,NLD,Poverty gap at $5.50 a day (2011 PPP) (% of population),SI.POV.UMIC.GP,..,..,..,..,0.3,..,..,..,..,0.4,0.2,0.1,0.1,0.2,0.2,0.1,0.1,0.1,0.1,0.2,0.1,0.1,0.2,..,..
Netherlands,NLD,Poverty gap at $1.90 a day (2011 PPP) (%),SI.POV.GAPS,..,..,..,..,0.2,..,..,..,..,0.1,0.1,0,0,0.1,0.1,0,0.1,0,0,0,0,0,0.1,..,..
Netherlands,NLD,Poverty gap at $3.20 a day (2011 PPP) (% of population),SI.POV.LMIC.GP,..,..,..,..,0.2,..,..,..,..,0.2,0.1,0,0,0.1,0.1,0,0.1,0.1,0.1,0.1,0,0,0.1,..,..
Nicaragua,NIC,Poverty gap at $5.50 a day (2011 PPP) (% of population),SI.POV.UMIC.GP,..,..,..,36.9,..,..,30.1,..,..,..,22.3,..,..,..,19.7,..,..,..,..,12.3,..,..,..,..,..
Nicaragua,NIC,Poverty gap at $1.90 a day (2011 PPP) (%),SI.POV.GAPS,..,..,..,10.7,..,..,5.7,..,..,..,2.2,..,..,..,2,..,..,..,..,0.8,..,..,..,..,..
Nicaragua,NIC,Poverty gap at $3.20 a day (2011 PPP) (% of population),SI.POV.LMIC.GP,..,..,..,20.9,..,..,14.4,..,..,..,8.5,..,..,..,7.2,..,..,..,..,3.5,..,..,..,..,..
Niger,NER,Poverty gap at $5.50 a day (2011 PPP) (% of population),SI.POV.UMIC.GP,..,..,..,..,..,..,..,..,..,..,72,..,69.4,..,..,..,59.7,..,..,56.2,..,..,..,..,..
Niger,NER,Poverty gap at $1.90 a day (2011 PPP) (%),SI.POV.GAPS,..,..,..,..,..,..,..,..,..,..,35.8,..,29.1,..,..,..,14.2,..,..,13.7,..,..,..,..,..
Niger,NER,Poverty gap at $3.20 a day (2011 PPP) (% of population),SI.POV.LMIC.GP,..,..,..,..,..,..,..,..,..,..,55.7,..,51.3,..,..,..,37,..,..,33.9,..,..,..,..,..
Nigeria,NGA,Poverty gap at $5.50 a day (2011 PPP) (% of population),SI.POV.UMIC.GP,..,66.5,..,..,..,..,..,..,62.4,..,..,..,..,..,61.2,..,..,..,..,..,..,..,..,52.8,..
Nigeria,NGA,Poverty gap at $1.90 a day (2011 PPP) (%),SI.POV.GAPS,..,32.7,..,..,..,..,..,..,23.5,..,..,..,..,..,23.4,..,..,..,..,..,..,..,..,12.5,..
Nigeria,NGA,Poverty gap at $3.20 a day (2011 PPP) (% of population),SI.POV.LMIC.GP,..,50.1,..,..,..,..,..,..,42.7,..,..,..,..,..,42.2,..,..,..,..,..,..,..,..,30.5,..
North Macedonia,MKD,Poverty gap at $5.50 a day (2011 PPP) (% of population),SI.POV.UMIC.GP,..,..,..,..,..,..,..,..,..,..,..,..,..,..,16.4,16.1,14.3,12.9,11.3,9.7,9.4,8.7,8,..,..
North Macedonia,MKD,Poverty gap at $1.90 a day (2011 PPP) (%),SI.POV.GAPS,..,..,..,..,..,..,..,..,..,..,..,..,..,..,4.3,6.1,4.2,2.9,1.9,2,2.2,1.7,1.9,..,..
North Macedonia,MKD,Poverty gap at $3.20 a day (2011 PPP) (% of population),SI.POV.LMIC.GP,..,..,..,..,..,..,..,..,..,..,..,..,..,..,8.2,9.4,7.4,6,4.6,4.1,4.5,3.8,3.8,..,..
Norway,NOR,Poverty gap at $5.50 a day (2011 PPP) (% of population),SI.POV.UMIC.GP,0.4,..,..,..,..,0.3,..,..,0.2,0.3,0.3,0.2,0.2,0.2,0.1,0.1,0.1,0.2,0.2,0.1,0.2,0.3,0.3,..,..
Norway,NOR,Poverty gap at $1.90 a day (2011 PPP) (%),SI.POV.GAPS,0.2,..,..,..,..,0.2,..,..,0.1,0.2,0.1,0.1,0.1,0.1,0,0.1,0.1,0.1,0.1,0.1,0.1,0.2,0.2,..,..
Norway,NOR,Poverty gap at $3.20 a day (2011 PPP) (% of population),SI.POV.LMIC.GP,0.3,..,..,..,..,0.2,..,..,0.2,0.3,0.2,0.1,0.1,0.2,0.1,0.1,0.1,0.1,0.1,0.1,0.1,0.2,0.2,..,..
Pakistan,PAK,Poverty gap at $5.50 a day (2011 PPP) (% of population),SI.POV.UMIC.GP,..,44.6,..,46.8,..,..,50.6,..,..,43.1,42.6,..,40.2,..,..,36.4,35.5,..,32.1,..,28.9,..,..,..,..
Pakistan,PAK,Poverty gap at $1.90 a day (2011 PPP) (%),SI.POV.GAPS,..,2.6,..,4.8,..,..,5.9,..,..,3.5,2.8,..,2.2,..,..,1.2,1.1,..,0.9,..,0.5,..,..,..,..
Pakistan,PAK,Poverty gap at $3.20 a day (2011 PPP) (% of population),SI.POV.LMIC.GP,..,18.4,..,21.9,..,..,25.2,..,..,18.6,17.7,..,15.6,..,..,12,11.5,..,9.6,..,7.7,..,..,..,..
Palau,PLW,Poverty gap at $5.50 a day (2011 PPP) (% of population),SI.POV.UMIC.GP,..,..,..,..,..,..,..,..,..,..,..,..,..,..,..,..,..,..,..,..,..,..,..,..,..
Palau,PLW,Poverty gap at $1.90 a day (2011 PPP) (%),SI.POV.GAPS,..,..,..,..,..,..,..,..,..,..,..,..,..,..,..,..,..,..,..,..,..,..,..,..,..
Palau,PLW,Poverty gap at $3.20 a day (2011 PPP) (% of population),SI.POV.LMIC.GP,..,..,..,..,..,..,..,..,..,..,..,..,..,..,..,..,..,..,..,..,..,..,..,..,..
Panama,PAN,Poverty gap at $5.50 a day (2011 PPP) (% of population),SI.POV.UMIC.GP,22.2,..,20.8,21.1,19.1,17.9,21.2,17.9,17.2,16.2,15.7,16.2,13.6,9.8,8.6,9,7.3,8,7,7.1,5.9,5.8,5.5,4.7,..
Panama,PAN,Poverty gap at $1.90 a day (2011 PPP) (%),SI.POV.GAPS,11,..,9.2,9.9,8.5,6.6,8,4.5,4.6,3.9,3.8,4.5,2.7,1.4,0.8,1.3,0.9,1.3,0.8,1.1,0.5,0.5,0.9,0.5,..
Panama,PAN,Poverty gap at $3.20 a day (2011 PPP) (% of population),SI.POV.LMIC.GP,14.9,..,13.3,13.7,12,10.5,12.9,9.4,9.3,8.4,8,8.8,6.6,4.3,3,3.8,2.9,3.6,2.7,3.1,2.1,2.1,2.2,1.7,..
Papua New Guinea,PNG,Poverty gap at $5.50 a day (2011 PPP) (% of population),SI.POV.UMIC.GP,..,57,..,..,..,..,..,..,..,..,..,..,..,..,50.2,..,..,..,..,..,..,..,..,..,..
Papua New Guinea,PNG,Poverty gap at $1.90 a day (2011 PPP) (%),SI.POV.GAPS,..,21.3,..,..,..,..,..,..,..,..,..,..,..,..,14.8,..,..,..,..,..,..,..,..,..,..
Papua New Guinea,PNG,Poverty gap at $3.20 a day (2011 PPP) (% of population),SI.POV.LMIC.GP,..,38.4,..,..,..,..,..,..,..,..,..,..,..,..,30.2,..,..,..,..,..,..,..,..,..,..
Paraguay,PRY,Poverty gap at $5.50 a day (2011 PPP) (% of population),SI.POV.UMIC.GP,19,..,16.4,..,16.3,..,15.4,21.4,16.3,14.1,13,15.9,14,11.6,12.1,11.3,10.7,8.4,6.2,6.6,6.4,6.3,5.4,5.4,..
Paraguay,PRY,Poverty gap at $1.90 a day (2011 PPP) (%),SI.POV.GAPS,5,..,4.4,..,3.9,..,3.1,4.7,2.6,1.6,1.9,2.3,2.3,1.2,1.5,1.6,1.5,0.8,0.6,0.6,0.4,0.3,0.2,0.3,..
Paraguay,PRY,Poverty gap at $3.20 a day (2011 PPP) (% of population),SI.POV.LMIC.GP,10.1,..,8.5,..,8.2,..,7.2,10.6,6.9,5.2,5.1,6.8,6.1,4,4.6,4.6,4.4,2.9,1.9,2.1,1.9,1.8,1.3,1.6,..
Peru,PER,Poverty gap at $5.50 a day (2011 PPP) (% of population),SI.POV.UMIC.GP,..,..,26.9,26.2,26.9,25.5,27,24.4,22.7,23.3,25,22,18.9,16.3,14.7,12.6,11.7,10.7,10.1,9.5,9.2,9.1,9,7.9,..
Peru,PER,Poverty gap at $1.90 a day (2011 PPP) (%),SI.POV.GAPS,..,..,7.3,6.9,7.3,6.1,6.4,5.6,3.8,4.5,5.4,4.6,3.7,2.8,2.2,1.6,1.4,1.4,1.2,1,1,0.9,0.9,0.7,..
Peru,PER,Poverty gap at $3.20 a day (2011 PPP) (% of population),SI.POV.LMIC.GP,..,..,14.8,14.1,14.5,13.3,14.1,12.4,10.5,11.4,12.7,10.9,9.2,7.5,6.3,5,4.6,4.3,3.9,3.5,3.5,3.3,3.2,2.6,..
Philippines,PHL,Poverty gap at $5.50 a day (2011 PPP) (% of population),SI.POV.UMIC.GP,..,..,..,..,..,29.2,..,..,28.3,..,..,29.3,..,..,26.6,..,..,26,..,..,21.5,..,..,..,..
Philippines,PHL,Poverty gap at $1.90 a day (2011 PPP) (%),SI.POV.GAPS,..,..,..,..,..,3.1,..,..,3.1,..,..,3.4,..,..,2.3,..,..,2.3,..,..,1.2,..,..,..,..
Philippines,PHL,Poverty gap at $3.20 a day (2011 PPP) (% of population),SI.POV.LMIC.GP,..,..,..,..,..,12.4,..,..,11.9,..,..,12.8,..,..,10.5,..,..,10.2,..,..,7,..,..,..,..
Poland,POL,Poverty gap at $5.50 a day (2011 PPP) (% of population),SI.POV.UMIC.GP,..,..,..,..,..,..,..,..,..,4.5,2.7,1.9,1.2,0.8,0.9,0.9,0.9,0.8,0.9,0.9,0.8,0.6,0.5,..,..
Poland,POL,Poverty gap at $1.90 a day (2011 PPP) (%),SI.POV.GAPS,..,..,..,..,..,..,..,..,..,1,0.4,0.3,0.3,0.1,0.1,0.1,0.1,0.1,0.2,0.1,0.2,0.1,0.2,..,..
Poland,POL,Poverty gap at $3.20 a day (2011 PPP) (% of population),SI.POV.LMIC.GP,..,..,..,..,..,..,..,..,..,1.8,0.8,0.6,0.4,0.2,0.3,0.3,0.3,0.2,0.4,0.4,0.3,0.2,0.3,..,..
Portugal,PRT,Poverty gap at $5.50 a day (2011 PPP) (% of population),SI.POV.UMIC.GP,..,..,..,..,..,..,..,..,1.4,0.9,1,0.5,0.6,0.7,0.5,0.5,0.9,1.5,1.6,1.3,1.1,0.8,0.7,..,..
Portugal,PRT,Poverty gap at $1.90 a day (2011 PPP) (%),SI.POV.GAPS,..,..,..,..,..,..,..,..,0.5,0.3,0.3,0,0.1,0.1,0.1,0.1,0.2,0.4,0.4,0.2,0.2,0.2,0.2,..,..
Portugal,PRT,Poverty gap at $3.20 a day (2011 PPP) (% of population),SI.POV.LMIC.GP,..,..,..,..,..,..,..,..,0.8,0.4,0.5,0.1,0.3,0.2,0.2,0.1,0.4,0.6,0.7,0.5,0.5,0.3,0.3,..,..
Romania,ROU,Poverty gap at $5.50 a day (2011 PPP) (% of population),SI.POV.UMIC.GP,..,..,..,..,..,..,..,..,..,..,..,14.4,11.2,8.6,7.9,9,10.5,10.9,11.7,11.1,9.6,7,5.6,..,..
Romania,ROU,Poverty gap at $1.90 a day (2011 PPP) (%),SI.POV.GAPS,..,..,..,..,..,..,..,..,..,..,..,2.4,1.6,1.2,0.7,1.3,1.9,2,2.1,2.3,1.6,1,1.2,..,..
Romania,ROU,Poverty gap at $3.20 a day (2011 PPP) (% of population),SI.POV.LMIC.GP,..,..,..,..,..,..,..,..,..,..,..,6.1,4.4,3.4,2.8,3.6,4.4,4.8,5.2,5.3,4.2,2.8,2.7,..,..
Russian Federation,RUS,Poverty gap at $5.50 a day (2011 PPP) (% of population),SI.POV.UMIC.GP,..,11.6,7.9,10.2,15.5,12.7,9.5,7.5,7.2,6.3,5.2,4,2.7,1.6,1.5,1.2,1,0.9,0.8,0.7,0.8,0.8,0.8,0.7,..
Russian Federation,RUS,Poverty gap at $1.90 a day (2011 PPP) (%),SI.POV.GAPS,..,1,0.4,0.6,1.1,0.7,0.4,0.2,0.3,0.2,0.2,0.1,0,0,0,0,0,0,0,0,0,0,0,0,..
Russian Federation,RUS,Poverty gap at $3.20 a day (2011 PPP) (% of population),SI.POV.LMIC.GP,..,4.3,1.9,2.7,4.8,3.5,2.3,1.5,1.6,1.3,1,0.7,0.4,0.2,0.1,0.2,0.1,0.1,0.1,0.1,0.1,0.1,0.1,0.1,..
Rwanda,RWA,Poverty gap at $5.50 a day (2011 PPP) (% of population),SI.POV.UMIC.GP,..,..,..,..,..,72.9,..,..,..,..,67.6,..,..,..,..,64.3,..,..,61.5,..,..,60.4,..,..,..
Rwanda,RWA,Poverty gap at $1.90 a day (2011 PPP) (%),SI.POV.GAPS,..,..,..,..,..,38.9,..,..,..,..,32,..,..,..,..,25.5,..,..,21.3,..,..,20.9,..,..,..
Rwanda,RWA,Poverty gap at $3.20 a day (2011 PPP) (% of population),SI.POV.LMIC.GP,..,..,..,..,..,57.9,..,..,..,..,51.1,..,..,..,..,45.9,..,..,42,..,..,41,..,..,..
Samoa,WSM,Poverty gap at $5.50 a day (2011 PPP) (% of population),SI.POV.UMIC.GP,..,..,..,..,..,..,..,11.6,..,..,..,..,..,10.7,..,..,..,..,9.8,..,..,..,..,..,..
Samoa,WSM,Poverty gap at $1.90 a day (2011 PPP) (%),SI.POV.GAPS,..,..,..,..,..,..,..,0.4,..,..,..,..,..,0.1,..,..,..,..,0.1,..,..,..,..,..,..
Samoa,WSM,Poverty gap at $3.20 a day (2011 PPP) (% of population),SI.POV.LMIC.GP,..,..,..,..,..,..,..,2.9,..,..,..,..,..,1.7,..,..,..,..,2,..,..,..,..,..,..
Sao Tome and Principe,STP,Poverty gap at $5.50 a day (2011 PPP) (% of population),SI.POV.UMIC.GP,..,..,..,..,..,48.6,..,..,..,..,..,..,..,..,..,51.9,..,..,..,..,..,..,49.3,..,..
Sao Tome and Principe,STP,Poverty gap at $1.90 a day (2011 PPP) (%),SI.POV.GAPS,..,..,..,..,..,8.5,..,..,..,..,..,..,..,..,..,9.3,..,..,..,..,..,..,13.1,..,..
Sao Tome and Principe,STP,Poverty gap at $3.20 a day (2011 PPP) (% of population),SI.POV.LMIC.GP,..,..,..,..,..,25.5,..,..,..,..,..,..,..,..,..,28,..,..,..,..,..,..,28.7,..,..
Senegal,SEN,Poverty gap at $5.50 a day (2011 PPP) (% of population),SI.POV.UMIC.GP,..,..,..,..,..,..,57,..,..,..,51,..,..,..,..,..,51,..,..,..,..,..,..,..,..
Senegal,SEN,Poverty gap at $1.90 a day (2011 PPP) (%),SI.POV.GAPS,..,..,..,..,..,..,16.4,..,..,..,12.7,..,..,..,..,..,13.1,..,..,..,..,..,..,..,..
Senegal,SEN,Poverty gap at $3.20 a day (2011 PPP) (% of population),SI.POV.LMIC.GP,..,..,..,..,..,..,36,..,..,..,29.8,..,..,..,..,..,30.1,..,..,..,..,..,..,..,..
Serbia,SRB,Poverty gap at $5.50 a day (2011 PPP) (% of population),SI.POV.UMIC.GP,..,..,..,..,..,..,..,..,..,..,..,..,..,..,..,..,..,9.3,10.6,11.5,10.8,10.2,8.6,..,..
Serbia,SRB,Poverty gap at $1.90 a day (2011 PPP) (%),SI.POV.GAPS,..,..,..,..,..,..,..,..,..,..,..,..,..,..,..,..,..,2.9,3.2,4.3,4,4.2,3.3,..,..
Serbia,SRB,Poverty gap at $3.20 a day (2011 PPP) (% of population),SI.POV.LMIC.GP,..,..,..,..,..,..,..,..,..,..,..,..,..,..,..,..,..,4.9,5.4,6.3,6,5.9,4.8,..,..
Seychelles,SYC,Poverty gap at $5.50 a day (2011 PPP) (% of population),SI.POV.UMIC.GP,..,..,..,..,..,..,..,..,..,..,..,..,..,..,..,..,..,..,2.6,..,..,..,..,..,..
Seychelles,SYC,Poverty gap at $1.90 a day (2011 PPP) (%),SI.POV.GAPS,..,..,..,..,..,..,..,..,..,..,..,..,..,..,..,..,..,..,0.5,..,..,..,..,..,..
Seychelles,SYC,Poverty gap at $3.20 a day (2011 PPP) (% of population),SI.POV.LMIC.GP,..,..,..,..,..,..,..,..,..,..,..,..,..,..,..,..,..,..,1,..,..,..,..,..,..
Sierra Leone,SLE,Poverty gap at $5.50 a day (2011 PPP) (% of population),SI.POV.UMIC.GP,..,..,..,..,..,..,..,..,69.8,..,..,..,..,..,..,..,60.7,..,..,..,..,..,..,54.8,..
Sierra Leone,SLE,Poverty gap at $1.90 a day (2011 PPP) (%),SI.POV.GAPS,..,..,..,..,..,..,..,..,32.6,..,..,..,..,..,..,..,17.8,..,..,..,..,..,..,11.7,..
Sierra Leone,SLE,Poverty gap at $3.20 a day (2011 PPP) (% of population),SI.POV.LMIC.GP,..,..,..,..,..,..,..,..,52.9,..,..,..,..,..,..,..,39.4,..,..,..,..,..,..,32.2,..
Slovak Republic,SVK,Poverty gap at $5.50 a day (2011 PPP) (% of population),SI.POV.UMIC.GP,..,..,..,..,..,..,..,..,..,1.1,0.8,0.7,0.8,0.8,0.9,0.9,0.7,0.9,1,1.4,1,1.8,..,..,..
Slovak Republic,SVK,Poverty gap at $1.90 a day (2011 PPP) (%),SI.POV.GAPS,..,..,..,..,..,..,..,..,..,0,0.1,0.1,0.2,0.2,0.1,0.2,0.2,0.1,0.2,0.4,0.3,1.2,..,..,..
Slovak Republic,SVK,Poverty gap at $3.20 a day (2011 PPP) (% of population),SI.POV.LMIC.GP,..,..,..,..,..,..,..,..,..,0.1,0.2,0.2,0.3,0.3,0.3,0.4,0.3,0.3,0.3,0.6,0.5,1.3,..,..,..
Slovenia,SVN,Poverty gap at $5.50 a day (2011 PPP) (% of population),SI.POV.UMIC.GP,..,..,..,..,..,..,..,..,..,0.1,0.2,0.1,0.1,0,0,0,0,0.1,0.1,0,0,0,0,..,..
Slovenia,SVN,Poverty gap at $1.90 a day (2011 PPP) (%),SI.POV.GAPS,..,..,..,..,..,..,..,..,..,0,0.1,0,0,0,0,0,0,0,0,0,0,0,0,..,..
Slovenia,SVN,Poverty gap at $3.20 a day (2011 PPP) (% of population),SI.POV.LMIC.GP,..,..,..,..,..,..,..,..,..,0.1,0.1,0,0,0,0,0,0,0,0,0,0,0,0,..,..
Solomon Islands,SLB,Poverty gap at $5.50 a day (2011 PPP) (% of population),SI.POV.UMIC.GP,..,..,..,..,..,..,..,..,..,..,53.8,..,..,..,..,..,..,..,43.5,..,..,..,..,..,..
Solomon Islands,SLB,Poverty gap at $1.90 a day (2011 PPP) (%),SI.POV.GAPS,..,..,..,..,..,..,..,..,..,..,17.3,..,..,..,..,..,..,..,6.8,..,..,..,..,..,..
Solomon Islands,SLB,Poverty gap at $3.20 a day (2011 PPP) (% of population),SI.POV.LMIC.GP,..,..,..,..,..,..,..,..,..,..,34.6,..,..,..,..,..,..,..,21.4,..,..,..,..,..,..
South Africa,ZAF,Poverty gap at $5.50 a day (2011 PPP) (% of population),SI.POV.UMIC.GP,..,43,..,..,..,41.3,..,..,..,..,36.9,..,..,28.3,..,27.5,..,..,..,29,..,..,..,..,..
South Africa,ZAF,Poverty gap at $1.90 a day (2011 PPP) (%),SI.POV.GAPS,..,14.2,..,..,..,13,..,..,..,..,8.2,..,..,4.7,..,4.8,..,..,..,6.1,..,..,..,..,..
South Africa,ZAF,Poverty gap at $3.20 a day (2011 PPP) (% of population),SI.POV.LMIC.GP,..,27.6,..,..,..,25.9,..,..,..,..,20.4,..,..,13.8,..,13.6,..,..,..,15.1,..,..,..,..,..
South Sudan,SSD,Poverty gap at $5.50 a day (2011 PPP) (% of population),SI.POV.UMIC.GP,..,..,..,..,..,..,..,..,..,..,..,..,..,..,53,..,..,..,..,..,..,..,..,..,..
South Sudan,SSD,Poverty gap at $1.90 a day (2011 PPP) (%),SI.POV.GAPS,..,..,..,..,..,..,..,..,..,..,..,..,..,..,20.1,..,..,..,..,..,..,..,..,..,..
South Sudan,SSD,Poverty gap at $3.20 a day (2011 PPP) (% of population),SI.POV.LMIC.GP,..,..,..,..,..,..,..,..,..,..,..,..,..,..,34.9,..,..,..,..,..,..,..,..,..,..
Spain,ESP,Poverty gap at $5.50 a day (2011 PPP) (% of population),SI.POV.UMIC.GP,1.8,..,..,..,..,0.7,..,..,1.1,1.2,1.1,1.1,0.7,0.8,1.1,1.1,1.6,1.4,1.6,1.4,1.5,1.6,1.1,..,..
Spain,ESP,Poverty gap at $1.90 a day (2011 PPP) (%),SI.POV.GAPS,0.8,..,..,..,..,0.2,..,..,0.6,0.6,0.6,0.6,0.3,0.4,0.6,0.5,0.9,0.6,0.8,0.5,0.6,0.7,0.5,..,..
Spain,ESP,Poverty gap at $3.20 a day (2011 PPP) (% of population),SI.POV.LMIC.GP,1.1,..,..,..,..,0.4,..,..,0.7,0.8,0.7,0.8,0.4,0.5,0.7,0.7,1.1,0.9,1,0.8,0.9,1,0.7,..,..
Sri Lanka,LKA,Poverty gap at $5.50 a day (2011 PPP) (% of population),SI.POV.UMIC.GP,32.8,..,..,..,..,..,..,29.1,..,..,..,21.6,..,..,18.8,..,..,16.9,..,..,..,12.1,..,..,..
Sri Lanka,LKA,Poverty gap at $1.90 a day (2011 PPP) (%),SI.POV.GAPS,1.7,..,..,..,..,..,..,1.5,..,..,..,0.6,..,..,0.5,..,..,0.3,..,..,..,0.1,..,..,..
Sri Lanka,LKA,Poverty gap at $3.20 a day (2011 PPP) (% of population),SI.POV.LMIC.GP,11.5,..,..,..,..,..,..,10.2,..,..,..,5.8,..,..,4.1,..,..,3.6,..,..,..,2.1,..,..,..
St. Lucia,LCA,Poverty gap at $5.50 a day (2011 PPP) (% of population),SI.POV.UMIC.GP,47.8,..,..,..,..,..,..,..,..,..,..,..,..,..,..,..,..,..,..,..,..,9.2,..,..,..
St. Lucia,LCA,Poverty gap at $1.90 a day (2011 PPP) (%),SI.POV.GAPS,12.7,..,..,..,..,..,..,..,..,..,..,..,..,..,..,..,..,..,..,..,..,2.6,..,..,..
St. Lucia,LCA,Poverty gap at $3.20 a day (2011 PPP) (% of population),SI.POV.LMIC.GP,27.6,..,..,..,..,..,..,..,..,..,..,..,..,..,..,..,..,..,..,..,..,4.6,..,..,..
Sudan,SDN,Poverty gap at $5.50 a day (2011 PPP) (% of population),SI.POV.UMIC.GP,..,..,..,..,..,..,..,..,..,..,..,..,..,..,33.5,..,..,..,..,34.3,..,..,..,..,..
Sudan,SDN,Poverty gap at $1.90 a day (2011 PPP) (%),SI.POV.GAPS,..,..,..,..,..,..,..,..,..,..,..,..,..,..,4.2,..,..,..,..,2.8,..,..,..,..,..
Sudan,SDN,Poverty gap at $3.20 a day (2011 PPP) (% of population),SI.POV.LMIC.GP,..,..,..,..,..,..,..,..,..,..,..,..,..,..,14.2,..,..,..,..,13,..,..,..,..,..
Suriname,SUR,Poverty gap at $5.50 a day (2011 PPP) (% of population),SI.POV.UMIC.GP,..,..,..,..,34.5,..,..,..,..,..,..,..,..,..,..,..,..,..,..,..,..,..,..,..,..
Suriname,SUR,Poverty gap at $1.90 a day (2011 PPP) (%),SI.POV.GAPS,..,..,..,..,16.6,..,..,..,..,..,..,..,..,..,..,..,..,..,..,..,..,..,..,..,..
Suriname,SUR,Poverty gap at $3.20 a day (2011 PPP) (% of population),SI.POV.LMIC.GP,..,..,..,..,23.8,..,..,..,..,..,..,..,..,..,..,..,..,..,..,..,..,..,..,..,..
Sweden,SWE,Poverty gap at $5.50 a day (2011 PPP) (% of population),SI.POV.UMIC.GP,0.5,..,..,..,..,0.1,..,..,0.5,0.5,1.1,0.4,0.5,0.7,0.6,0.7,0.7,0.5,0.7,0.6,0.6,0.4,0.3,..,..
Sweden,SWE,Poverty gap at $1.90 a day (2011 PPP) (%),SI.POV.GAPS,0.1,..,..,..,..,0,..,..,0.2,0.3,0.8,0.2,0.3,0.5,0.3,0.4,0.4,0.3,0.5,0.3,0.3,0.2,0.1,..,..
Sweden,SWE,Poverty gap at $3.20 a day (2011 PPP) (% of population),SI.POV.LMIC.GP,0.2,..,..,..,..,0,..,..,0.3,0.4,0.9,0.3,0.4,0.5,0.4,0.5,0.5,0.4,0.6,0.4,0.4,0.3,0.2,..,..
Switzerland,CHE,Poverty gap at $5.50 a day (2011 PPP) (% of population),SI.POV.UMIC.GP,..,..,..,..,..,0.1,..,0,..,..,..,0.1,0.1,0.1,0.1,0.1,0,0,0,0.1,0,0,0,..,..
Switzerland,CHE,Poverty gap at $1.90 a day (2011 PPP) (%),SI.POV.GAPS,..,..,..,..,..,0,..,0,..,..,..,0,0,0,0,0,0,0,0,0,0,0,0,..,..
Switzerland,CHE,Poverty gap at $3.20 a day (2011 PPP) (% of population),SI.POV.LMIC.GP,..,..,..,..,..,0.1,..,0,..,..,..,0.1,0,0.1,0,0,0,0,0,0,0,0,0,..,..
Syrian Arab Republic,SYR,Poverty gap at $5.50 a day (2011 PPP) (% of population),SI.POV.UMIC.GP,..,..,..,..,..,..,..,..,..,15.8,..,..,..,..,..,..,..,..,..,..,..,..,..,..,..
Syrian Arab Republic,SYR,Poverty gap at $1.90 a day (2011 PPP) (%),SI.POV.GAPS,..,..,..,..,..,..,..,..,..,0.2,..,..,..,..,..,..,..,..,..,..,..,..,..,..,..
Syrian Arab Republic,SYR,Poverty gap at $3.20 a day (2011 PPP) (% of population),SI.POV.LMIC.GP,..,..,..,..,..,..,..,..,..,3.2,..,..,..,..,..,..,..,..,..,..,..,..,..,..,..
Tajikistan,TJK,Poverty gap at $5.50 a day (2011 PPP) (% of population),SI.POV.UMIC.GP,..,..,..,..,61.2,..,..,..,46.5,35,..,..,27.7,..,20.4,..,..,..,..,..,17.1,..,..,..,..
Tajikistan,TJK,Poverty gap at $1.90 a day (2011 PPP) (%),SI.POV.GAPS,..,..,..,..,15.6,..,..,..,7.1,3,..,..,3.5,..,0.7,..,..,..,..,..,0.9,..,..,..,..
Tajikistan,TJK,Poverty gap at $3.20 a day (2011 PPP) (% of population),SI.POV.LMIC.GP,..,..,..,..,38.1,..,..,..,23.2,13.7,..,..,9.6,..,5.2,..,..,..,..,..,4.5,..,..,..,..
Tanzania,TZA,Poverty gap at $5.50 a day (2011 PPP) (% of population),SI.POV.UMIC.GP,..,..,..,..,..,78.9,..,..,..,..,..,..,63.6,..,..,..,58,..,..,..,..,..,57,..,..
Tanzania,TZA,Poverty gap at $1.90 a day (2011 PPP) (%),SI.POV.GAPS,..,..,..,..,..,46.3,..,..,..,..,..,..,23.5,..,..,..,15.6,..,..,..,..,..,15.9,..,..
Tanzania,TZA,Poverty gap at $3.20 a day (2011 PPP) (% of population),SI.POV.LMIC.GP,..,..,..,..,..,65,..,..,..,..,..,..,44,..,..,..,36.5,..,..,..,..,..,36,..,..
Thailand,THA,Poverty gap at $5.50 a day (2011 PPP) (% of population),SI.POV.UMIC.GP,..,14.6,..,14.1,16.5,16.8,..,12.4,..,9.8,..,7.4,6.2,5.4,4.6,4,2.7,2.8,2.2,2,1.2,1.4,1.3,1.5,..
Thailand,THA,Poverty gap at $1.90 a day (2011 PPP) (%),SI.POV.GAPS,..,0.3,..,0.2,0.3,0.4,..,0.2,..,0.1,..,0.1,0,0,0,0,0,0,0,0,0,0,0,0,..
Thailand,THA,Poverty gap at $3.20 a day (2011 PPP) (% of population),SI.POV.LMIC.GP,..,3.2,..,2.8,4,4,..,2.3,..,1.6,..,1.2,0.7,0.5,0.5,0.4,0.2,0.2,0.1,0.1,0.1,0.1,0.1,0.1,..
Timor-Leste,TLS,Poverty gap at $5.50 a day (2011 PPP) (% of population),SI.POV.UMIC.GP,..,..,..,..,..,..,51.9,..,..,..,..,..,54.8,..,..,..,..,..,..,46.6,..,..,..,..,..
Timor-Leste,TLS,Poverty gap at $1.90 a day (2011 PPP) (%),SI.POV.GAPS,..,..,..,..,..,..,11.2,..,..,..,..,..,9,..,..,..,..,..,..,4.4,..,..,..,..,..
Timor-Leste,TLS,Poverty gap at $3.20 a day (2011 PPP) (% of population),SI.POV.LMIC.GP,..,..,..,..,..,..,29.5,..,..,..,..,..,29.9,..,..,..,..,..,..,21.2,..,..,..,..,..
Togo,TGO,Poverty gap at $5.50 a day (2011 PPP) (% of population),SI.POV.UMIC.GP,..,..,..,..,..,..,..,..,..,..,..,60,..,..,..,..,59.3,..,..,..,57.1,..,..,..,..
Togo,TGO,Poverty gap at $1.90 a day (2011 PPP) (%),SI.POV.GAPS,..,..,..,..,..,..,..,..,..,..,..,21.7,..,..,..,..,23.8,..,..,..,20.7,..,..,..,..
Togo,TGO,Poverty gap at $3.20 a day (2011 PPP) (% of population),SI.POV.LMIC.GP,..,..,..,..,..,..,..,..,..,..,..,41,..,..,..,..,41.3,..,..,..,38.1,..,..,..,..
Tonga,TON,Poverty gap at $5.50 a day (2011 PPP) (% of population),SI.POV.UMIC.GP,..,..,..,..,..,..,9.2,..,..,..,..,..,..,..,9.2,..,..,..,..,..,8,..,..,..,..
Tonga,TON,Poverty gap at $1.90 a day (2011 PPP) (%),SI.POV.GAPS,..,..,..,..,..,..,0.7,..,..,..,..,..,..,..,0.3,..,..,..,..,..,0.2,..,..,..,..
Tonga,TON,Poverty gap at $3.20 a day (2011 PPP) (% of population),SI.POV.LMIC.GP,..,..,..,..,..,..,2.5,..,..,..,..,..,..,..,1.9,..,..,..,..,..,1.5,..,..,..,..
Trinidad and Tobago,TTO,Poverty gap at $5.50 a day (2011 PPP) (% of population),SI.POV.UMIC.GP,..,..,..,..,..,..,..,..,..,..,..,..,..,..,..,..,..,..,..,..,..,..,..,..,..
Trinidad and Tobago,TTO,Poverty gap at $1.90 a day (2011 PPP) (%),SI.POV.GAPS,..,..,..,..,..,..,..,..,..,..,..,..,..,..,..,..,..,..,..,..,..,..,..,..,..
Trinidad and Tobago,TTO,Poverty gap at $3.20 a day (2011 PPP) (% of population),SI.POV.LMIC.GP,..,..,..,..,..,..,..,..,..,..,..,..,..,..,..,..,..,..,..,..,..,..,..,..,..
Tunisia,TUN,Poverty gap at $5.50 a day (2011 PPP) (% of population),SI.POV.UMIC.GP,25.8,..,..,..,..,19.3,..,..,..,..,14.1,..,..,..,..,9.3,..,..,..,..,4.2,..,..,..,..
Tunisia,TUN,Poverty gap at $1.90 a day (2011 PPP) (%),SI.POV.GAPS,2.8,..,..,..,..,1.2,..,..,..,..,0.7,..,..,..,..,0.4,..,..,..,..,0,..,..,..,..
Tunisia,TUN,Poverty gap at $3.20 a day (2011 PPP) (% of population),SI.POV.LMIC.GP,10.6,..,..,..,..,6.5,..,..,..,..,4,..,..,..,..,2.3,..,..,..,..,0.6,..,..,..,..
Turkey,TUR,Poverty gap at $5.50 a day (2011 PPP) (% of population),SI.POV.UMIC.GP,..,..,..,..,..,..,..,11.3,13.1,9.1,8.5,7.2,6.1,5.1,4.7,4.6,3.8,3.4,3,2.7,2.9,2.3,2.1,1.9,..
Turkey,TUR,Poverty gap at $1.90 a day (2011 PPP) (%),SI.POV.GAPS,..,..,..,..,..,..,..,0.3,0.8,0.3,0.4,0.3,0.1,0.2,0.1,0.1,0,0,0.1,0,0.1,0,0,0,..
Turkey,TUR,Poverty gap at $3.20 a day (2011 PPP) (% of population),SI.POV.LMIC.GP,..,..,..,..,..,..,..,2.9,4,2.5,2.6,1.9,1.5,1.2,1.1,1,0.8,0.6,0.5,0.4,0.5,0.3,0.3,0.2,..
Turkmenistan,TKM,Poverty gap at $5.50 a day (2011 PPP) (% of population),SI.POV.UMIC.GP,..,..,..,57.3,..,..,..,..,..,..,..,..,..,..,..,..,..,..,..,..,..,..,..,..,..
Turkmenistan,TKM,Poverty gap at $1.90 a day (2011 PPP) (%),SI.POV.GAPS,..,..,..,18,..,..,..,..,..,..,..,..,..,..,..,..,..,..,..,..,..,..,..,..,..
Turkmenistan,TKM,Poverty gap at $3.20 a day (2011 PPP) (% of population),SI.POV.LMIC.GP,..,..,..,36.8,..,..,..,..,..,..,..,..,..,..,..,..,..,..,..,..,..,..,..,..,..
Tuvalu,TUV,Poverty gap at $5.50 a day (2011 PPP) (% of population),SI.POV.UMIC.GP,..,..,..,..,..,..,..,..,..,..,..,..,..,..,..,16.1,..,..,..,..,..,..,..,..,..
Tuvalu,TUV,Poverty gap at $1.90 a day (2011 PPP) (%),SI.POV.GAPS,..,..,..,..,..,..,..,..,..,..,..,..,..,..,..,0.4,..,..,..,..,..,..,..,..,..
Tuvalu,TUV,Poverty gap at $3.20 a day (2011 PPP) (% of population),SI.POV.LMIC.GP,..,..,..,..,..,..,..,..,..,..,..,..,..,..,..,4.3,..,..,..,..,..,..,..,..,..
Uganda,UGA,Poverty gap at $5.50 a day (2011 PPP) (% of population),SI.POV.UMIC.GP,..,65,..,..,66.9,..,..,65.2,..,..,60.5,..,..,..,54.3,..,..,49.6,..,..,..,51.9,..,..,..
Uganda,UGA,Poverty gap at $1.90 a day (2011 PPP) (%),SI.POV.GAPS,..,24.4,..,..,28.2,..,..,26.4,..,..,21.1,..,..,..,14.6,..,..,10.7,..,..,..,13.1,..,..,..
Uganda,UGA,Poverty gap at $3.20 a day (2011 PPP) (% of population),SI.POV.LMIC.GP,..,45.6,..,..,48.7,..,..,46.9,..,..,40.9,..,..,..,33.4,..,..,28.1,..,..,..,31.2,..,..,..
Ukraine,UKR,Poverty gap at $5.50 a day (2011 PPP) (% of population),SI.POV.UMIC.GP,16.9,19.3,..,..,..,..,..,12.4,8.7,6.5,3.7,2.8,2.4,1.2,1.4,0.8,0.7,0.5,0.4,0.4,1.1,1,0.7,0.6,..
Ukraine,UKR,Poverty gap at $1.90 a day (2011 PPP) (%),SI.POV.GAPS,1.3,1.3,..,..,..,..,..,0.3,0.1,0.1,0,0,0,0,0,0,0,0,0,0,0,0,0,0,..
Ukraine,UKR,Poverty gap at $3.20 a day (2011 PPP) (% of population),SI.POV.LMIC.GP,5.3,5.8,..,..,..,..,..,2.2,1.1,0.9,0.4,0.2,0.2,0,0.1,0,0,0,0,0,0.1,0.1,0,0.1,..
United Kingdom,GBR,Poverty gap at $5.50 a day (2011 PPP) (% of population),SI.POV.UMIC.GP,1.1,..,..,..,0.4,..,..,..,..,0.6,0.6,0.4,0.4,0.5,0.2,0.3,0.5,0.3,0.2,0.3,0.3,0.3,..,..,..
United Kingdom,GBR,Poverty gap at $1.90 a day (2011 PPP) (%),SI.POV.GAPS,0.5,..,..,..,0.1,..,..,..,..,0.2,0.3,0.1,0.2,0.2,0.1,0.1,0.3,0.1,0.1,0.1,0.1,0.1,..,..,..
United Kingdom,GBR,Poverty gap at $3.20 a day (2011 PPP) (% of population),SI.POV.LMIC.GP,0.7,..,..,..,0.2,..,..,..,..,0.3,0.5,0.2,0.3,0.3,0.1,0.2,0.3,0.2,0.1,0.2,0.2,0.2,..,..,..
United States,USA,Poverty gap at $5.50 a day (2011 PPP) (% of population),SI.POV.UMIC.GP,..,..,0.8,..,..,0.8,..,..,..,1.1,..,..,1.1,..,..,1.2,..,..,1.1,..,..,1.2,..,..,..
United States,USA,Poverty gap at $1.90 a day (2011 PPP) (%),SI.POV.GAPS,..,..,0.5,..,..,0.5,..,..,..,0.8,..,..,0.8,..,..,0.9,..,..,0.8,..,..,0.9,..,..,..
United States,USA,Poverty gap at $3.20 a day (2011 PPP) (% of population),SI.POV.LMIC.GP,..,..,0.6,..,..,0.6,..,..,..,0.9,..,..,0.9,..,..,1,..,..,0.9,..,..,1,..,..,..
Uruguay,URY,Poverty gap at $5.50 a day (2011 PPP) (% of population),SI.POV.UMIC.GP,2.7,3,2.9,3,..,2.5,2.9,3.8,5.1,5.9,5.3,4.6,3.8,2.6,2.5,2,1.5,1.4,1.2,1,0.9,0.9,0.7,0.6,..
Uruguay,URY,Poverty gap at $1.90 a day (2011 PPP) (%),SI.POV.GAPS,0.2,0.3,0.2,0.3,..,0.1,0.1,0.1,0.2,0.2,0.1,0.1,0.1,0,0,0.1,0,0,0,0,0,0,0,0,..
Uruguay,URY,Poverty gap at $3.20 a day (2011 PPP) (% of population),SI.POV.LMIC.GP,0.7,0.9,0.8,0.9,..,0.6,0.6,0.7,1,1.3,1.1,0.8,0.6,0.4,0.4,0.3,0.2,0.2,0.2,0.2,0.2,0.1,0.1,0.1,..
Uzbekistan,UZB,Poverty gap at $5.50 a day (2011 PPP) (% of population),SI.POV.UMIC.GP,..,..,..,51.6,..,64.9,..,62.5,64.4,..,..,..,..,..,..,..,..,..,..,..,..,..,..,..,..
Uzbekistan,UZB,Poverty gap at $1.90 a day (2011 PPP) (%),SI.POV.GAPS,..,..,..,17.5,..,22.8,..,18,21.8,..,..,..,..,..,..,..,..,..,..,..,..,..,..,..,..
Uzbekistan,UZB,Poverty gap at $3.20 a day (2011 PPP) (% of population),SI.POV.LMIC.GP,..,..,..,32.4,..,44.6,..,41.1,44.1,..,..,..,..,..,..,..,..,..,..,..,..,..,..,..,..
Vanuatu,VUT,Poverty gap at $5.50 a day (2011 PPP) (% of population),SI.POV.UMIC.GP,..,..,..,..,..,..,..,..,..,..,..,..,..,..,..,31.7,..,..,..,..,..,..,..,..,..
Vanuatu,VUT,Poverty gap at $1.90 a day (2011 PPP) (%),SI.POV.GAPS,..,..,..,..,..,..,..,..,..,..,..,..,..,..,..,3.3,..,..,..,..,..,..,..,..,..
Vanuatu,VUT,Poverty gap at $3.20 a day (2011 PPP) (% of population),SI.POV.LMIC.GP,..,..,..,..,..,..,..,..,..,..,..,..,..,..,..,12.7,..,..,..,..,..,..,..,..,..
"Venezuela, RB",VEN,Poverty gap at $5.50 a day (2011 PPP) (% of population),SI.POV.UMIC.GP,20.3,..,..,22,22,..,21,28.7,33.9,30.1,26.8,17.1,..,..,..,..,..,..,..,..,..,..,..,..,..
"Venezuela, RB",VEN,Poverty gap at $1.90 a day (2011 PPP) (%),SI.POV.GAPS,4.9,..,..,7.9,6,..,6,10.3,13.2,12,13.4,7.1,..,..,..,..,..,..,..,..,..,..,..,..,..
"Venezuela, RB",VEN,Poverty gap at $3.20 a day (2011 PPP) (% of population),SI.POV.LMIC.GP,9.7,..,..,12.3,11.1,..,10.6,16.6,20.6,18.1,17.6,9.9,..,..,..,..,..,..,..,..,..,..,..,..,..
Vietnam,VNM,Poverty gap at $5.50 a day (2011 PPP) (% of population),SI.POV.UMIC.GP,..,..,..,50.5,..,..,..,50.8,..,43.7,..,38.2,..,35.1,..,16.1,..,13.1,..,11.1,..,8.6,..,7.2,..
Vietnam,VNM,Poverty gap at $1.90 a day (2011 PPP) (%),SI.POV.GAPS,..,..,..,8.5,..,..,..,9.8,..,6.6,..,4.7,..,3.4,..,0.8,..,0.5,..,0.5,..,0.4,..,0.4,..
Vietnam,VNM,Poverty gap at $3.20 a day (2011 PPP) (% of population),SI.POV.LMIC.GP,..,..,..,27.6,..,..,..,28.7,..,21.9,..,17.2,..,14.2,..,4.6,..,3.2,..,2.9,..,2.2,..,1.9,..
West Bank and Gaza,PSE,Poverty gap at $5.50 a day (2011 PPP) (% of population),SI.POV.UMIC.GP,..,..,..,..,..,..,..,..,..,6.4,6.1,5,8.1,..,4.4,4.7,4.4,..,..,..,..,5.6,..,..,..
West Bank and Gaza,PSE,Poverty gap at $1.90 a day (2011 PPP) (%),SI.POV.GAPS,..,..,..,..,..,..,..,..,..,0.2,0.1,0.1,0.4,..,0.1,0,0.1,..,..,..,..,0.1,..,..,..
West Bank and Gaza,PSE,Poverty gap at $3.20 a day (2011 PPP) (% of population),SI.POV.LMIC.GP,..,..,..,..,..,..,..,..,..,1.2,1,0.6,1.9,..,0.5,0.6,0.5,..,..,..,..,1,..,..,..
"Yemen, Rep.",YEM,Poverty gap at $5.50 a day (2011 PPP) (% of population),SI.POV.UMIC.GP,..,..,..,23.4,..,..,..,..,..,..,30.8,..,..,..,..,..,..,..,..,38.6,..,..,..,..,..
"Yemen, Rep.",YEM,Poverty gap at $1.90 a day (2011 PPP) (%),SI.POV.GAPS,..,..,..,1.5,..,..,..,..,..,..,1.7,..,..,..,..,..,..,..,..,4.2,..,..,..,..,..
"Yemen, Rep.",YEM,Poverty gap at $3.20 a day (2011 PPP) (% of population),SI.POV.LMIC.GP,..,..,..,7.7,..,..,..,..,..,..,10.4,..,..,..,..,..,..,..,..,16.7,..,..,..,..,..
Zambia,ZMB,Poverty gap at $5.50 a day (2011 PPP) (% of population),SI.POV.UMIC.GP,..,51.4,..,52.1,..,..,..,58.9,..,61.2,..,63.7,..,..,..,65.3,..,..,..,..,61.1,..,..,..,..
Zambia,ZMB,Poverty gap at $1.90 a day (2011 PPP) (%),SI.POV.GAPS,..,16.9,..,17.8,..,..,..,18.8,..,28.5,..,31.4,..,..,..,33,..,..,..,..,30.7,..,..,..,..
Zambia,ZMB,Poverty gap at $3.20 a day (2011 PPP) (% of population),SI.POV.LMIC.GP,..,32.8,..,33.6,..,..,..,38.5,..,44.7,..,47.7,..,..,..,49.8,..,..,..,..,45.7,..,..,..,..
Zimbabwe,ZWE,Poverty gap at $5.50 a day (2011 PPP) (% of population),SI.POV.UMIC.GP,..,..,..,..,..,..,..,..,..,..,..,..,..,..,..,..,36.1,..,..,..,..,..,45.2,..,..
Zimbabwe,ZWE,Poverty gap at $1.90 a day (2011 PPP) (%),SI.POV.GAPS,..,..,..,..,..,..,..,..,..,..,..,..,..,..,..,..,5.2,..,..,..,..,..,9.3,..,..
Zimbabwe,ZWE,Poverty gap at $3.20 a day (2011 PPP) (% of population),SI.POV.LMIC.GP,..,..,..,..,..,..,..,..,..,..,..,..,..,..,..,..,17.2,..,..,..,..,..,25.4,..,..
East Asia & Pacific,EAS,Poverty gap at $5.50 a day (2011 PPP) (% of population),SI.POV.UMIC.GP,54.4,52.1,51.7,51.9,49.8,47.5,45.7,42.7,40.2,37.7,34.1,32.9,30.5,29,26.9,24,21.2,19.1,14.9,13.1,11.4,10,8.8,7.6,..
East Asia & Pacific,EAS,Poverty gap at $1.90 a day (2011 PPP) (%),SI.POV.GAPS,14.3,12.6,12.8,13.6,12,10.8,10.1,8.9,7.6,6.2,4.7,4.6,4,3.7,3.1,2.4,1.7,1.4,0.6,0.5,0.4,0.3,0.3,0.2,..
East Asia & Pacific,EAS,Poverty gap at $3.20 a day (2011 PPP) (% of population),SI.POV.LMIC.GP,33.2,30.7,30.6,31.3,29.1,27.1,25.6,23.2,21,18.6,15.6,15.2,13.6,12.8,11.4,9.7,7.9,6.8,4.3,3.6,2.9,2.4,2,1.6,..
Europe & Central Asia,ECS,Poverty gap at $5.50 a day (2011 PPP) (% of population),SI.POV.UMIC.GP,14.8,15.9,14.2,14.5,18.3,16.4,15,13.4,12.9,11,10.2,8.7,7.5,6.3,6.1,6,5.6,5.4,5,5.1,4.9,4.5,4.4,4,..
Europe & Central Asia,ECS,Poverty gap at $1.90 a day (2011 PPP) (%),SI.POV.GAPS,2.1,2.3,2,2,2.4,2.2,1.9,1.6,1.8,1.4,1.4,1.2,0.9,0.8,0.7,0.7,0.6,0.5,0.4,0.5,0.4,0.4,0.4,0.3,..
Europe & Central Asia,ECS,Poverty gap at $3.20 a day (2011 PPP) (% of population),SI.POV.LMIC.GP,6.1,6.4,5.5,5.5,7.2,6.5,5.8,5.1,5.1,4.3,4.1,3.5,2.9,2.5,2.3,2.3,2,1.9,1.7,1.8,1.6,1.4,1.4,1.2,..
Fragile and conflict affected situations,FCS,Poverty gap at $5.50 a day (2011 PPP) (% of population),SI.POV.UMIC.GP,..,..,..,..,..,..,56.6,56.1,56.7,54.5,53.5,52,51.1,50.4,49.9,48.6,47.4,46.2,46,45.3,..,47.3,47.5,..,..
Fragile and conflict affected situations,FCS,Poverty gap at $1.90 a day (2011 PPP) (%),SI.POV.GAPS,..,..,..,..,..,..,25.8,24.3,23.3,21.9,21.3,20.2,19.5,18.8,18.6,17.3,15.8,14.5,14.3,13.4,..,14,14.1,..,..
Fragile and conflict affected situations,FCS,Poverty gap at $3.20 a day (2011 PPP) (% of population),SI.POV.LMIC.GP,..,..,..,..,..,..,40.7,39.4,39,37,36.2,34.8,33.9,33.2,32.8,31.3,29.8,28.3,28,27.1,..,28.6,28.8,..,..
High income,HIC,Poverty gap at $5.50 a day (2011 PPP) (% of population),SI.POV.UMIC.GP,..,1.7,..,..,1,..,..,1.1,..,..,1,..,..,0.8,..,0.9,0.9,0.9,0.9,..,0.9,..,..,..,..
High income,HIC,Poverty gap at $1.90 a day (2011 PPP) (%),SI.POV.GAPS,..,0.4,..,..,0.4,..,..,0.4,..,..,0.4,..,..,0.4,..,0.4,0.4,0.4,0.4,..,0.5,..,..,..,..
High income,HIC,Poverty gap at $3.20 a day (2011 PPP) (% of population),SI.POV.LMIC.GP,..,0.7,..,..,0.5,..,..,0.6,..,..,0.6,..,..,0.5,..,0.6,0.6,0.5,0.6,..,0.6,..,..,..,..
IDA countries classified as fragile situations,DFS,Poverty gap at $5.50 a day (2011 PPP) (% of population),SI.POV.UMIC.GP,..,..,..,..,..,..,..,..,..,..,..,..,..,..,..,..,..,..,..,..,..,..,..,..,..
IDA countries classified as fragile situations,DFS,Poverty gap at $1.90 a day (2011 PPP) (%),SI.POV.GAPS,..,..,..,..,..,..,..,..,..,..,..,..,..,..,..,..,..,..,..,..,..,..,..,..,..
IDA countries classified as fragile situations,DFS,Poverty gap at $3.20 a day (2011 PPP) (% of population),SI.POV.LMIC.GP,..,..,..,..,..,..,..,..,..,..,..,..,..,..,..,..,..,..,..,..,..,..,..,..,..
IDA total,IDA,Poverty gap at $5.50 a day (2011 PPP) (% of population),SI.POV.UMIC.GP,60.2,59.1,58.7,58.9,58.8,58.5,58.3,57.9,57.6,55.7,54,53.1,52.1,51.1,50.6,49.5,48.4,47.1,46.8,45.7,45.6,45.1,44.1,43,..
IDA total,IDA,Poverty gap at $1.90 a day (2011 PPP) (%),SI.POV.GAPS,23.3,22.4,22,22,21.6,21.1,20.4,19.6,19.1,17.5,16.4,15.7,15,14.4,14.2,13.5,12.5,11.7,11.5,11,10.9,11,10.8,10.4,..
IDA total,IDA,Poverty gap at $3.20 a day (2011 PPP) (% of population),SI.POV.LMIC.GP,41.2,40,39.6,39.8,39.5,39.1,38.5,37.9,37.5,35.3,33.4,32.5,31.5,30.6,30.1,29,27.7,26.5,26.1,25.2,25.1,24.9,24.2,23.4,..
Latin America & Caribbean,LCN,Poverty gap at $5.50 a day (2011 PPP) (% of population),SI.POV.UMIC.GP,22.1,23.1,22.7,22.2,22.7,21.5,21.3,21.1,20.5,19.2,18.3,15.5,14.7,13.9,13.6,12.7,11.9,10.9,10.4,10,9.6,9.6,8.8,8.6,..
Latin America & Caribbean,LCN,Poverty gap at $1.90 a day (2011 PPP) (%),SI.POV.GAPS,5.3,6.1,6,5.9,6,5.6,5.3,4.9,4.7,4.2,4.1,3.3,3.1,2.9,2.7,2.6,2.4,1.8,1.6,1.5,1.2,1.3,1.4,1.3,..
Latin America & Caribbean,LCN,Poverty gap at $3.20 a day (2011 PPP) (% of population),SI.POV.LMIC.GP,11.1,12,11.8,11.6,11.8,11.1,10.9,10.5,10.1,9.2,8.8,7.1,6.7,6.2,6,5.6,5.2,4.4,4,3.8,3.5,3.6,3.5,3.4,..
Low & middle income,LMY,Poverty gap at $5.50 a day (2011 PPP) (% of population),SI.POV.UMIC.GP,48.4,47.3,47,47,46.4,45.2,44.3,43,42,40.3,38.4,37.4,36,35.1,34.2,32.4,30.3,29,27.1,26,25,24.1,23.1,..,..
Low & middle income,LMY,Poverty gap at $1.90 a day (2011 PPP) (%),SI.POV.GAPS,12.8,12.1,12,12.3,11.7,11.1,10.7,10.1,9.5,8.5,7.7,7.4,6.9,6.6,6.3,5.7,4.8,4.4,4,3.8,3.6,3.5,3.4,..,..
Low & middle income,LMY,Poverty gap at $3.20 a day (2011 PPP) (% of population),SI.POV.LMIC.GP,29.2,28.1,27.9,28.1,27.3,26.3,25.5,24.5,23.6,22.1,20.4,19.8,18.8,18.2,17.5,16.2,14.5,13.6,12.3,11.6,11,10.6,10,..,..
Low income,LIC,Poverty gap at $5.50 a day (2011 PPP) (% of population),SI.POV.UMIC.GP,66.3,65.6,64.9,..,64.7,64.4,63.4,63.3,63.4,61.3,60,59.2,58.2,57.1,56.9,56.2,55.7,55,54.7,54.7,55.1,55.4,55.2,..,..
Low income,LIC,Poverty gap at $1.90 a day (2011 PPP) (%),SI.POV.GAPS,32.9,31.7,30.8,..,29.8,29.6,28.5,28.3,28.3,25.9,24.7,23.8,22.8,21.6,21.6,20.6,19.6,18.5,18,17.5,17.7,18,18,..,..
Low income,LIC,Poverty gap at $3.20 a day (2011 PPP) (% of population),SI.POV.LMIC.GP,50.2,49.2,48.3,..,47.7,47.3,46.1,46,46.1,43.4,41.8,40.8,39.8,38.5,38.4,37.4,36.5,35.4,34.9,34.5,35,35.3,35.1,..,..
Lower middle income,LMC,Poverty gap at $5.50 a day (2011 PPP) (% of population),SI.POV.UMIC.GP,53.2,52.4,..,..,..,..,..,50.8,50,49.1,47.9,47.1,46.1,45.4,44.6,42.5,40.1,38.7,37.6,36.2,..,..,..,..,..
Lower middle income,LMC,Poverty gap at $1.90 a day (2011 PPP) (%),SI.POV.GAPS,13,12.4,..,..,..,..,..,10.9,10.5,9.8,9.1,8.7,8.1,7.8,7.5,6.7,5.5,5.1,4.7,4.3,..,..,..,..,..
Lower middle income,LMC,Poverty gap at $3.20 a day (2011 PPP) (% of population),SI.POV.LMIC.GP,31.9,30.9,..,..,..,..,..,29.2,28.5,27.5,26.3,25.6,24.5,23.9,23.2,21.4,19.1,17.9,17,15.9,..,..,..,..,..
Middle East & North Africa,MEA,Poverty gap at $5.50 a day (2011 PPP) (% of population),SI.POV.UMIC.GP,24.4,24.1,23,20.7,19.7,19.2,18.6,18.7,20.1,18.4,17.5,16.9,16.4,16,15.1,14,13.7,13.5,13.3,13.6,14.5,15.3,16.5,17.7,..
Middle East & North Africa,MEA,Poverty gap at $1.90 a day (2011 PPP) (%),SI.POV.GAPS,1.3,1.2,1,0.8,0.7,0.7,0.6,0.6,0.8,0.6,0.6,0.5,0.5,0.5,0.5,0.4,0.5,0.5,0.5,0.5,0.9,1.3,1.7,2.1,..
Middle East & North Africa,MEA,Poverty gap at $3.20 a day (2011 PPP) (% of population),SI.POV.LMIC.GP,8.1,7.7,7,5.8,5.4,5.1,4.8,4.9,5.8,4.8,4.5,4.2,4.1,4,3.6,3.1,3.2,3.1,3.1,3.4,4.2,5,5.9,6.6,..
Middle income,MIC,Poverty gap at $5.50 a day (2011 PPP) (% of population),SI.POV.UMIC.GP,..,..,..,..,..,..,..,..,..,..,..,..,..,..,..,..,..,..,..,..,..,..,..,..,..
Middle income,MIC,Poverty gap at $1.90 a day (2011 PPP) (%),SI.POV.GAPS,..,..,..,..,..,..,..,..,..,..,..,..,..,..,..,..,..,..,..,..,..,..,..,..,..
Middle income,MIC,Poverty gap at $3.20 a day (2011 PPP) (% of population),SI.POV.LMIC.GP,..,..,..,..,..,..,..,..,..,..,..,..,..,..,..,..,..,..,..,..,..,..,..,..,..
South Asia,SAS,Poverty gap at $5.50 a day (2011 PPP) (% of population),SI.POV.UMIC.GP,56.5,55.5,..,..,..,..,..,54.2,53.6,52.8,51.4,50.8,49.7,49.1,48.4,46.5,43.4,41.9,40.5,38.8,..,..,..,..,..
South Asia,SAS,Poverty gap at $1.90 a day (2011 PPP) (%),SI.POV.GAPS,11.4,10.7,..,..,..,..,..,9.9,9.6,9.1,8.3,7.9,7.3,7,6.6,5.6,4.3,3.8,3.3,2.8,..,..,..,..,..
South Asia,SAS,Poverty gap at $3.20 a day (2011 PPP) (% of population),SI.POV.LMIC.GP,33,32,..,..,..,..,..,30.7,30.1,29.3,27.8,27.1,26,25.3,24.7,22.7,19.6,18.3,17,15.7,..,..,..,..,..
Sub-Saharan Africa,SSF,Poverty gap at $5.50 a day (2011 PPP) (% of population),SI.POV.UMIC.GP,63.2,62.5,62.3,62.4,62.3,62.3,61.6,61,60.9,59.5,58.5,57.6,57,56.2,56.1,55.2,53.9,52.9,52.7,52,51.8,51.8,51.3,50.9,..
Sub-Saharan Africa,SSF,Poverty gap at $1.90 a day (2011 PPP) (%),SI.POV.GAPS,29.1,28.2,27.8,27.7,27.5,27.3,26.4,25.3,24.9,23.1,22.3,21.5,20.8,20.1,20.1,19.1,17.8,16.9,16.6,16,15.8,15.8,15.5,15.1,..
Sub-Saharan Africa,SSF,Poverty gap at $3.20 a day (2011 PPP) (% of population),SI.POV.LMIC.GP,46.4,45.6,45.2,45.2,45.1,44.9,44,43.1,42.9,40.9,39.8,38.9,38.2,37.4,37.3,36.3,34.7,33.6,33.3,32.5,32.2,32.2,31.8,31.2,..
Upper middle income,UMC,Poverty gap at $5.50 a day (2011 PPP) (% of population),SI.POV.UMIC.GP,42,40.6,40.2,40.3,39.1,37,35.5,33.1,31.6,29.2,26.4,24.9,22.9,21.7,20.4,18.5,16.3,14.8,11.6,10.5,9.2,8.4,7.5,6.6,..
Upper middle income,UMC,Poverty gap at $1.90 a day (2011 PPP) (%),SI.POV.GAPS,10.1,9.2,9.4,10,9,8.1,7.5,6.6,5.8,4.8,3.7,3.5,3.1,2.9,2.5,2.1,1.6,1.3,0.7,0.6,0.5,0.5,0.5,0.4,..
Upper middle income,UMC,Poverty gap at $3.20 a day (2011 PPP) (% of population),SI.POV.LMIC.GP,24.4,22.9,22.8,23.2,21.9,20.2,19.1,17.2,15.8,13.9,11.8,11.1,10,9.4,8.6,7.5,6.1,5.3,3.4,3,2.5,2.2,2,1.8,..
World,WLD,Poverty gap at $5.50 a day (2011 PPP) (% of population),SI.POV.UMIC.GP,39.6,38.9,38.6,38.6,38.2,37.3,36.6,35.6,34.8,33.5,31.9,31.1,30,29.2,28.5,27,25.3,24.2,22.7,21.8,21,20.3,19.5,..,..
World,WLD,Poverty gap at $1.90 a day (2011 PPP) (%),SI.POV.GAPS,10.5,9.9,9.9,10.1,9.6,9.2,8.8,8.4,7.9,7.1,6.4,6.2,5.8,5.5,5.3,4.8,4.1,3.8,3.4,3.2,3.1,3,2.9,..,..
World,WLD,Poverty gap at $3.20 a day (2011 PPP) (% of population),SI.POV.LMIC.GP,23.9,23,22.9,23.1,22.4,21.7,21.1,20.3,19.6,18.3,17,16.5,15.7,15.2,14.6,13.5,12.1,11.4,10.3,9.8,9.3,8.9,8.5,..,..
,,,,,,,,,,,,,,,,,,,,,,,,,,,,
,,,,,,,,,,,,,,,,,,,,,,,,,,,,
,,,,,,,,,,,,,,,,,,,,,,,,,,,,
Data from database: Poverty and Equity,,,,,,,,,,,,,,,,,,,,,,,,,,,,
Last Updated: 10/07/2020,,,,,,,,,,,,,,,,,,,,,,,,,,,,
